,의원명,병명,백신명,가격,의원위치
0,강북삼성병원,대상포진,조스타박스주,"170,000",서울 종로구
1,강북삼성병원,로타바이러스,로타릭스프리필드,"110,000",서울 종로구
2,강북삼성병원,로타바이러스,로타텍액,"90,000",서울 종로구
3,강북삼성병원,A형간염,아박심160U성인용주,"68,000",서울 종로구
4,강북삼성병원,A형간염,하브릭스주 1ml,"70,000",서울 종로구
5,강북삼성병원,수막구균,멘비오,"140,000",서울 종로구
6,강북삼성병원,사람유두종바이러스,가다실프리필드시린지,"180,000",서울 종로구
7,강북삼성병원,사람유두종바이러스,서바릭스프리필드시린지,"123,500",서울 종로구
8,강북삼성병원,사람유두종바이러스,가다실9프리필드시린지,"210,000",서울 종로구
9,강북삼성병원,인플루엔자,지씨플루쿼드리밸런트프리필드시린지주,"37,000",서울 종로구
10,강북삼성병원,인플루엔자,플루아릭스테트라프리필드시린지,"37,000",서울 종로구
11,강북삼성병원,장티푸스,지로티프-주,"15,000",서울 종로구
12,강북삼성병원,"Td(파상풍, 디프테리아)",에스케이티디백신주,"31,900",서울 종로구
13,강북삼성병원,폐렴구균,프리베나13주,"89,200",서울 종로구
14,강북삼성병원,폐렴구균,프로디악스-23,"42,350",서울 종로구
15,건국대학교병원,대상포진,조스타박스주,"195,000",서울 광진구
16,건국대학교병원,로타바이러스,로타릭스프리필드,"150,000",서울 광진구
17,건국대학교병원,로타바이러스,로타텍액,"100,000",서울 광진구
18,건국대학교병원,A형간염,아박심160U성인용주,"60,000",서울 광진구
19,건국대학교병원,A형간염,박타프리필드 시린지 0.5ml,"40,000",서울 광진구
20,건국대학교병원,수두,수두박스주,"35,000",서울 광진구
21,건국대학교병원,수막구균,멘비오,"150,000",서울 광진구
22,건국대학교병원,사람유두종바이러스,가다실9프리필드시린지,"200,000",서울 광진구
23,건국대학교병원,사람유두종바이러스,가다실프리필드시린지,"140,000",서울 광진구
24,건국대학교병원,사람유두종바이러스,서바릭스프리필드시린지,"150,000",서울 광진구
25,건국대학교병원,인플루엔자,지씨플루쿼드리밸런트프리필드시린지주,"40,000",서울 광진구
26,건국대학교병원,장티푸스,지로티프-주,"28,160",서울 광진구
27,건국대학교병원,"Td(파상풍, 디프테리아)",녹십자티디백신프리필드시린지주,"30,000",서울 광진구
28,건국대학교병원,"Tdap(파상풍, 디프테리아, 백일해)",부스트릭스프리필드시린지,"48,000",서울 광진구
29,건국대학교병원,폐렴구균,프로디악스-23프리필드시린지,"50,000",서울 광진구
30,건국대학교병원,폐렴구균,프리베나13주,"120,000",서울 광진구
31,건국대학교병원,폐렴구균,신플로릭스프리필드시린지,"63,000",서울 광진구
32,경희대학교병원,대상포진,조스타박스주,"190,000",서울 동대문구
33,경희대학교병원,로타바이러스,로타텍액,"100,000",서울 동대문구
34,경희대학교병원,로타바이러스,로타릭스프리필드,"110,000",서울 동대문구
35,경희대학교병원,A형간염,아박심160U성인용주,"70,000",서울 동대문구
36,경희대학교병원,A형간염,박타주 0.5ml,"40,000",서울 동대문구
37,경희대학교병원,A형간염,하브릭스주 1ml,"75,000",서울 동대문구
38,경희대학교병원,A형간염,박타프리필드 시린지 1ml,"70,000",서울 동대문구
39,경희대학교병원,수두,수두박스주,"13,020",서울 동대문구
40,경희대학교병원,수막구균,멘비오,"120,000",서울 동대문구
41,경희대학교병원,신증후군출혈열,한타박스 0.5ml,"22,000",서울 동대문구
42,경희대학교병원,사람유두종바이러스,가다실9프리필드시린지,"200,000",서울 동대문구
43,경희대학교병원,사람유두종바이러스,서바릭스프리필드시린지,"140,000",서울 동대문구
44,경희대학교병원,인플루엔자,지씨플루쿼드리밸런트프리필드시린지주,"40,000",서울 동대문구
45,경희대학교병원,인플루엔자,박씨그리프테트라주,"30,000",서울 동대문구
46,경희대학교병원,장티푸스,지로티프-주,"15,000",서울 동대문구
47,경희대학교병원,"Td(파상풍, 디프테리아)",에스케이티디백신주,"30,000",서울 동대문구
48,경희대학교병원,"Tdap(파상풍, 디프테리아, 백일해)",부스트릭스프리필드시린지,"50,000",서울 동대문구
49,경희대학교병원,"Tdap(파상풍, 디프테리아, 백일해)",아다셀주,"40,000",서울 동대문구
50,경희대학교병원,폐렴구균,신플로릭스프리필드시린지,"130,000",서울 동대문구
51,경희대학교병원,폐렴구균,프로디악스-23,"40,000",서울 동대문구
52,고려대학교의과대학부속구로병원,대상포진,조스타박스주,"150,000",서울 구로구
53,고려대학교의과대학부속구로병원,로타바이러스,로타텍액,"80,000",서울 구로구
54,고려대학교의과대학부속구로병원,로타바이러스,로타릭스프리필드,"100,000",서울 구로구
55,고려대학교의과대학부속구로병원,A형간염,박타프리필드 시린지 0.5ml,"40,000",서울 구로구
56,고려대학교의과대학부속구로병원,A형간염,박타프리필드 시린지 1ml,"70,000",서울 구로구
57,고려대학교의과대학부속구로병원,수두,수두박스주,"40,000",서울 구로구
58,고려대학교의과대학부속구로병원,수막구균,멘비오,"150,000",서울 구로구
59,고려대학교의과대학부속구로병원,신증후군출혈열,한타박스 0.5ml,"15,000",서울 구로구
60,고려대학교의과대학부속구로병원,사람유두종바이러스,가다실9프리필드시린지,"210,000",서울 구로구
61,고려대학교의과대학부속구로병원,사람유두종바이러스,가다실프리필드시린지,"180,000",서울 구로구
62,고려대학교의과대학부속구로병원,장티푸스,지로티프-주,"15,000",서울 구로구
63,고려대학교의과대학부속구로병원,"Tdap(파상풍, 디프테리아, 백일해)",부스트릭스프리필드시린지,"50,000",서울 구로구
64,고려대학교의과대학부속구로병원,폐렴구균,프리베나13주,"120,000",서울 구로구
65,고려대학교의과대학부속구로병원,폐렴구균,프로디악스-23프리필드시린지,"60,000",서울 구로구
66,고려대학교의과대학부속구로병원,폐렴구균,신플로릭스프리필드시린지,"120,000",서울 구로구
67,삼성서울병원,대상포진,조스타박스주,"153,200",서울 강남구
68,삼성서울병원,로타바이러스,로타릭스프리필드,"86,000",서울 강남구
69,삼성서울병원,로타바이러스,로타텍액,"80,000",서울 강남구
70,삼성서울병원,A형간염,박타프리필드 시린지 1ml,"73,200",서울 강남구
71,삼성서울병원,A형간염,박타프리필드 시린지 0.5ml,"39,000",서울 강남구
72,삼성서울병원,수두,수두박스주,"43,200",서울 강남구
73,삼성서울병원,수막구균,멘비오,"133,200",서울 강남구
74,삼성서울병원,사람유두종바이러스,가다실9프리필드시린지,"203,200",서울 강남구
75,삼성서울병원,사람유두종바이러스,서바릭스프리필드시린지,"151,200",서울 강남구
76,삼성서울병원,인플루엔자,지씨플루쿼드리밸런트프리필드시린지주,"28,200",서울 강남구
77,삼성서울병원,장티푸스,지로티프-주,"16,200",서울 강남구
78,삼성서울병원,"Td(파상풍, 디프테리아)",에스케이티디백신주,"28,200",서울 강남구
79,삼성서울병원,"Tdap(파상풍, 디프테리아, 백일해)",부스트릭스프리필드시린지,"43,200",서울 강남구
80,삼성서울병원,폐렴구균,프리베나13주,"130,200",서울 강남구
81,삼성서울병원,폐렴구균,프로디악스-23프리필드시린지,"29,200",서울 강남구
82,서울대학교병원,대상포진,조스타박스주,"137,397",서울 종로구
83,서울대학교병원,로타바이러스,로타텍액,"59,280",서울 종로구
84,서울대학교병원,A형간염,박타프리필드 시린지 1ml,"42,771",서울 종로구
85,서울대학교병원,A형간염,박타프리필드 시린지 0.5ml,"19,455",서울 종로구
86,서울대학교병원,수두,스카이바리셀라주,"17,627",서울 종로구
87,서울대학교병원,수막구균,멘비오,"108,761",서울 종로구
88,서울대학교병원,사람유두종바이러스,가다실9프리필드시린지,"157,348",서울 종로구
89,서울대학교병원,사람유두종바이러스,서바릭스프리필드시린지,"73,129",서울 종로구
90,서울대학교병원,사람유두종바이러스,서바릭스프리필드시린지,"73,129",서울 종로구
91,서울대학교병원,인플루엔자,지씨플루쿼드리밸런트프리필드시린지주,"16,882",서울 종로구
92,서울대학교병원,인플루엔자,보령플루Ⅴ테트라백신주,"16,445",서울 종로구
93,서울대학교병원,인플루엔자,스카이셀플루4가프리필드시린지,"18,494",서울 종로구
94,서울대학교병원,장티푸스,지로티프-주,"11,393",서울 종로구
95,서울대학교병원,"Td(파상풍, 디프테리아)",에스케이티디백신주,"17,598",서울 종로구
96,서울대학교병원,"Tdap(파상풍, 디프테리아, 백일해)",부스트릭스프리필드시린지,"26,978",서울 종로구
97,서울대학교병원,폐렴구균,프리베나13주,"77,866",서울 종로구
98,서울대학교병원,폐렴구균,프로디악스-23프리필드시린지,"29,195",서울 종로구
99,연세대학교의과대학 강남세브란스병원,대상포진,스카이조스터주,"114,400",서울 강남구
100,연세대학교의과대학 강남세브란스병원,대상포진,조스타박스주,"169,000",서울 강남구
101,연세대학교의과대학 강남세브란스병원,로타바이러스,로타텍액,"87,000",서울 강남구
102,연세대학교의과대학 강남세브란스병원,로타바이러스,로타릭스프리필드,"130,000",서울 강남구
103,연세대학교의과대학 강남세브란스병원,A형간염,하브릭스주 1ml,"54,340",서울 강남구
104,연세대학교의과대학 강남세브란스병원,A형간염,박타주 0.5ml,"19,650",서울 강남구
105,연세대학교의과대학 강남세브란스병원,A형간염,박타프리필드 시린지 1ml,"67,600",서울 강남구
106,연세대학교의과대학 강남세브란스병원,A형간염,박타프리필드 시린지 0.5ml,"19,650",서울 강남구
107,연세대학교의과대학 강남세브란스병원,A형간염,아박심160U성인용주,"55,900",서울 강남구
108,연세대학교의과대학 강남세브란스병원,수두,수두박스주,"16,930",서울 강남구
109,연세대학교의과대학 강남세브란스병원,수막구균,메낙트라주,"100,100",서울 강남구
110,연세대학교의과대학 강남세브란스병원,수막구균,멘비오,"127,400",서울 강남구
111,연세대학교의과대학 강남세브란스병원,사람유두종바이러스,가다실9프리필드시린지,"208,000",서울 강남구
112,연세대학교의과대학 강남세브란스병원,사람유두종바이러스,서바릭스프리필드시린지,"130,000",서울 강남구
113,연세대학교의과대학 강남세브란스병원,인플루엔자,플루아릭스테트라프리필드시린지,"26,000",서울 강남구
114,연세대학교의과대학 강남세브란스병원,인플루엔자,박씨그리프테트라주,"27,000",서울 강남구
115,연세대학교의과대학 강남세브란스병원,"Td(파상풍, 디프테리아)",에스케이티디백신주,"16,490",서울 강남구
116,연세대학교의과대학 강남세브란스병원,"Tdap(파상풍, 디프테리아, 백일해)",부스트릭스프리필드시린지,"26,120",서울 강남구
117,연세대학교의과대학 강남세브란스병원,폐렴구균,프로디악스-23프리필드시린지,"31,200",서울 강남구
118,연세대학교의과대학 강남세브란스병원,폐렴구균,프로디악스-23,"32,500",서울 강남구
119,연세대학교의과대학 강남세브란스병원,폐렴구균,신플로릭스프리필드시린지,"68,840",서울 강남구
120,연세대학교의과대학 강남세브란스병원,폐렴구균,신플로릭스프리필드시린지,"68,840",서울 강남구
121,이화여자대학교의과대학부속목동병원,대상포진,조스타박스주,"180,000",서울 양천구
122,이화여자대학교의과대학부속목동병원,로타바이러스,로타릭스프리필드,"120,000",서울 양천구
123,이화여자대학교의과대학부속목동병원,A형간염,하브릭스주 1ml,"70,000",서울 양천구
124,이화여자대학교의과대학부속목동병원,A형간염,하브릭스주 0.5ml,"41,000",서울 양천구
125,이화여자대학교의과대학부속목동병원,수두,수두박스주,"33,000",서울 양천구
126,이화여자대학교의과대학부속목동병원,수막구균,메낙트라주,"103,480",서울 양천구
127,이화여자대학교의과대학부속목동병원,수막구균,멘비오,"130,000",서울 양천구
128,이화여자대학교의과대학부속목동병원,사람유두종바이러스,가다실프리필드시린지,"180,000",서울 양천구
129,이화여자대학교의과대학부속목동병원,사람유두종바이러스,가다실9프리필드시린지,"210,000",서울 양천구
130,이화여자대학교의과대학부속목동병원,인플루엔자,보령플루Ⅷ테트라백신주,"30,000",서울 양천구
131,이화여자대학교의과대학부속목동병원,인플루엔자,지씨플루쿼드리밸런트프리필드시린지주,"35,000",서울 양천구
132,이화여자대학교의과대학부속목동병원,장티푸스,지로티프-주,"15,000",서울 양천구
133,이화여자대학교의과대학부속목동병원,"Td(파상풍, 디프테리아)",녹십자티디백신프리필드시린지주,"30,000",서울 양천구
134,이화여자대학교의과대학부속목동병원,"Tdap(파상풍, 디프테리아, 백일해)",아다셀주,"40,000",서울 양천구
135,이화여자대학교의과대학부속목동병원,"Tdap(파상풍, 디프테리아, 백일해)",부스트릭스프리필드시린지,"40,000",서울 양천구
136,이화여자대학교의과대학부속목동병원,폐렴구균,신플로릭스프리필드시린지,"130,000",서울 양천구
137,이화여자대학교의과대학부속목동병원,폐렴구균,프리베나13주,"130,000",서울 양천구
138,재단법인아산사회복지재단 서울아산병원,대상포진,조스타박스주,"170,000",서울 송파구
139,재단법인아산사회복지재단 서울아산병원,로타바이러스,로타릭스프리필드,"110,000",서울 송파구
140,재단법인아산사회복지재단 서울아산병원,로타바이러스,로타텍액,"81,000",서울 송파구
141,재단법인아산사회복지재단 서울아산병원,A형간염,하브릭스주 0.5ml,"61,000",서울 송파구
142,재단법인아산사회복지재단 서울아산병원,A형간염,박타주 0.5ml,"40,000",서울 송파구
143,재단법인아산사회복지재단 서울아산병원,A형간염,박타프리필드 시린지 0.5ml,"40,000",서울 송파구
144,재단법인아산사회복지재단 서울아산병원,A형간염,박타프리필드 시린지 1ml,"80,000",서울 송파구
145,재단법인아산사회복지재단 서울아산병원,A형간염,아박심160U성인용주,"80,000",서울 송파구
146,재단법인아산사회복지재단 서울아산병원,A형간염,하브릭스주 1ml,"80,000",서울 송파구
147,재단법인아산사회복지재단 서울아산병원,A형간염,아박심80U소아용주,"40,000",서울 송파구
148,재단법인아산사회복지재단 서울아산병원,수두,수두박스주,"45,400",서울 송파구
149,재단법인아산사회복지재단 서울아산병원,수막구균,멘비오,"131,000",서울 송파구
150,재단법인아산사회복지재단 서울아산병원,신증후군출혈열,한타박스 0.5ml,"11,000",서울 송파구
151,재단법인아산사회복지재단 서울아산병원,사람유두종바이러스,가다실9프리필드시린지,"201,000",서울 송파구
152,재단법인아산사회복지재단 서울아산병원,사람유두종바이러스,가다실프리필드시린지,"161,000",서울 송파구
153,재단법인아산사회복지재단 서울아산병원,사람유두종바이러스,서바릭스프리필드시린지,"160,000",서울 송파구
154,재단법인아산사회복지재단 서울아산병원,인플루엔자,플루아릭스테트라프리필드시린지,"30,000",서울 송파구
155,재단법인아산사회복지재단 서울아산병원,인플루엔자,지씨플루쿼드리밸런트프리필드시린지주,"25,000",서울 송파구
156,재단법인아산사회복지재단 서울아산병원,인플루엔자,스카이셀플루4가프리필드시린지,"25,000",서울 송파구
157,재단법인아산사회복지재단 서울아산병원,장티푸스,지로티프-주,"9,000",서울 송파구
158,재단법인아산사회복지재단 서울아산병원,"Tdap(파상풍, 디프테리아, 백일해)",아다셀주,"30,000",서울 송파구
159,재단법인아산사회복지재단 서울아산병원,"Tdap(파상풍, 디프테리아, 백일해)",부스트릭스프리필드시린지,"31,000",서울 송파구
160,재단법인아산사회복지재단 서울아산병원,폐렴구균,프리베나13주,"130,000",서울 송파구
161,재단법인아산사회복지재단 서울아산병원,폐렴구균,프로디악스-23프리필드시린지,"31,000",서울 송파구
162,재단법인아산사회복지재단 서울아산병원,폐렴구균,신플로릭스프리필드시린지,"100,000",서울 송파구
163,중앙대학교병원,대상포진,조스타박스주,"159,600",서울 동작구
164,중앙대학교병원,로타바이러스,로타텍액,"78,770",서울 동작구
165,중앙대학교병원,로타바이러스,로타릭스프리필드,"90,560",서울 동작구
166,중앙대학교병원,A형간염,박타프리필드 시린지 1ml,"45,000",서울 동작구
167,중앙대학교병원,A형간염,아박심160U성인용주,"51,600",서울 동작구
168,중앙대학교병원,A형간염,박타주 0.5ml,"35,000",서울 동작구
169,중앙대학교병원,A형간염,하브릭스주 0.5ml,"35,000",서울 동작구
170,중앙대학교병원,A형간염,하브릭스주 0.5ml,"35,000",서울 동작구
171,중앙대학교병원,수두,수두박스주,"26,000",서울 동작구
172,중앙대학교병원,수막구균,멘비오,"120,000",서울 동작구
173,중앙대학교병원,사람유두종바이러스,가다실9프리필드시린지,"210,000",서울 동작구
174,중앙대학교병원,사람유두종바이러스,가다실프리필드시린지,"170,000",서울 동작구
175,중앙대학교병원,인플루엔자,플루아릭스테트라프리필드시린지,"35,000",서울 동작구
176,중앙대학교병원,인플루엔자,스카이셀플루4가프리필드시린지,"40,000",서울 동작구
177,중앙대학교병원,장티푸스,지로티프-주,"11,760",서울 동작구
178,중앙대학교병원,"Td(파상풍, 디프테리아)",에스케이티디백신주,"30,000",서울 동작구
179,중앙대학교병원,"Td(파상풍, 디프테리아)",티디퓨어주,"30,000",서울 동작구
180,중앙대학교병원,"Tdap(파상풍, 디프테리아, 백일해)",부스트릭스프리필드시린지,"22,800",서울 동작구
181,중앙대학교병원,"Tdap(파상풍, 디프테리아, 백일해)",아다셀주,"23,630",서울 동작구
182,중앙대학교병원,폐렴구균,프로디악스-23,"35,000",서울 동작구
183,중앙대학교병원,폐렴구균,프리베나13주,"130,000",서울 동작구
184,중앙대학교병원,폐렴구균,신플로릭스프리필드시린지,"109,000",서울 동작구
185,중앙대학교병원,폐렴구균,프로디악스-23프리필드시린지,"28,800",서울 동작구
186,학교법인 고려중앙학원 고려대학교의과대학부속병원(안암병원),대상포진,조스타박스주,"150,000",서울 성북구
187,학교법인 고려중앙학원 고려대학교의과대학부속병원(안암병원),로타바이러스,로타텍액,"90,000",서울 성북구
188,학교법인 고려중앙학원 고려대학교의과대학부속병원(안암병원),로타바이러스,로타릭스프리필드,"100,000",서울 성북구
189,학교법인 고려중앙학원 고려대학교의과대학부속병원(안암병원),A형간염,하브릭스주 1ml,"70,000",서울 성북구
190,학교법인 고려중앙학원 고려대학교의과대학부속병원(안암병원),A형간염,박타프리필드 시린지 1ml,"70,000",서울 성북구
191,학교법인 고려중앙학원 고려대학교의과대학부속병원(안암병원),수두,수두박스주,"32,030",서울 성북구
192,학교법인 고려중앙학원 고려대학교의과대학부속병원(안암병원),수막구균,멘비오,"150,000",서울 성북구
193,학교법인 고려중앙학원 고려대학교의과대학부속병원(안암병원),신증후군출혈열,한타박스 0.5ml,"15,000",서울 성북구
194,학교법인 고려중앙학원 고려대학교의과대학부속병원(안암병원),사람유두종바이러스,가다실프리필드시린지,"180,000",서울 성북구
195,학교법인 고려중앙학원 고려대학교의과대학부속병원(안암병원),사람유두종바이러스,서바릭스프리필드시린지,"150,000",서울 성북구
196,학교법인 고려중앙학원 고려대학교의과대학부속병원(안암병원),사람유두종바이러스,가다실9프리필드시린지,"210,000",서울 성북구
197,학교법인 고려중앙학원 고려대학교의과대학부속병원(안암병원),장티푸스,지로티프-주,"15,000",서울 성북구
198,학교법인 고려중앙학원 고려대학교의과대학부속병원(안암병원),"Td(파상풍, 디프테리아)",녹십자티디백신프리필드시린지주,"31,690",서울 성북구
199,학교법인 고려중앙학원 고려대학교의과대학부속병원(안암병원),"Tdap(파상풍, 디프테리아, 백일해)",부스트릭스프리필드시린지,"50,000",서울 성북구
200,학교법인 고려중앙학원 고려대학교의과대학부속병원(안암병원),폐렴구균,프로디악스-23프리필드시린지,"41,280",서울 성북구
201,학교법인 고려중앙학원 고려대학교의과대학부속병원(안암병원),폐렴구균,프리베나13주,"120,000",서울 성북구
202,학교법인가톨릭학원가톨릭대학교서울성모병원,대상포진,조스타박스주,"169,000",서울 서초구
203,학교법인가톨릭학원가톨릭대학교서울성모병원,로타바이러스,로타텍액,"71,400",서울 서초구
204,학교법인가톨릭학원가톨릭대학교서울성모병원,로타바이러스,로타릭스프리필드,"100,100",서울 서초구
205,학교법인가톨릭학원가톨릭대학교서울성모병원,A형간염,박타프리필드 시린지 1ml,"43,400",서울 서초구
206,학교법인가톨릭학원가톨릭대학교서울성모병원,A형간염,박타주 0.5ml,"19,650",서울 서초구
207,학교법인가톨릭학원가톨릭대학교서울성모병원,A형간염,아박심160U성인용주,"42,900",서울 서초구
208,학교법인가톨릭학원가톨릭대학교서울성모병원,수두,수두박스주,"16,930",서울 서초구
209,학교법인가톨릭학원가톨릭대학교서울성모병원,수막구균,멘비오,"110,110",서울 서초구
210,학교법인가톨릭학원가톨릭대학교서울성모병원,사람유두종바이러스,가다실9프리필드시린지,"191,676",서울 서초구
211,학교법인가톨릭학원가톨릭대학교서울성모병원,사람유두종바이러스,서바릭스프리필드시린지,"73,520",서울 서초구
212,학교법인가톨릭학원가톨릭대학교서울성모병원,사람유두종바이러스,가다실프리필드시린지,"162,400",서울 서초구
213,학교법인가톨릭학원가톨릭대학교서울성모병원,인플루엔자,지씨플루쿼드리밸런트프리필드시린지주,"11,700",서울 서초구
214,학교법인가톨릭학원가톨릭대학교서울성모병원,장티푸스,지로티프-주,"7,800",서울 서초구
215,학교법인가톨릭학원가톨릭대학교서울성모병원,"Td(파상풍, 디프테리아)",에스케이티디백신주,"30,000",서울 서초구
216,학교법인가톨릭학원가톨릭대학교서울성모병원,"Tdap(파상풍, 디프테리아, 백일해)",아다셀주,"26,120",서울 서초구
217,학교법인가톨릭학원가톨릭대학교서울성모병원,"Tdap(파상풍, 디프테리아, 백일해)",부스트릭스프리필드시린지,"26,120",서울 서초구
218,학교법인가톨릭학원가톨릭대학교서울성모병원,폐렴구균,신플로릭스프리필드시린지,"68,840",서울 서초구
219,학교법인가톨릭학원가톨릭대학교서울성모병원,폐렴구균,프로디악스-23프리필드시린지,"28,960",서울 서초구
220,학교법인가톨릭학원가톨릭대학교서울성모병원,폐렴구균,프로디악스-23프리필드시린지,"28,960",서울 서초구
221,학교법인연세대학교의과대학세브란스병원,대상포진,조스타박스주,"173,100",서울 서대문구
222,학교법인연세대학교의과대학세브란스병원,로타바이러스,로타릭스프리필드,"108,100",서울 서대문구
223,학교법인연세대학교의과대학세브란스병원,로타바이러스,로타텍액,"81,100",서울 서대문구
224,학교법인연세대학교의과대학세브란스병원,A형간염,하브릭스주 1ml,"58,100",서울 서대문구
225,학교법인연세대학교의과대학세브란스병원,A형간염,박타프리필드 시린지 0.5ml,"23,100",서울 서대문구
226,학교법인연세대학교의과대학세브란스병원,A형간염,박타프리필드 시린지 1ml,"71,100",서울 서대문구
227,학교법인연세대학교의과대학세브란스병원,A형간염,박타주 0.5ml,"23,100",서울 서대문구
228,학교법인연세대학교의과대학세브란스병원,A형간염,아박심160U성인용주,"59,100",서울 서대문구
229,학교법인연세대학교의과대학세브란스병원,A형간염,아박심80U소아용주,"23,100",서울 서대문구
230,학교법인연세대학교의과대학세브란스병원,A형간염,아박심80U소아용주,"23,100",서울 서대문구
231,학교법인연세대학교의과대학세브란스병원,수두,수두박스주,"20,100",서울 서대문구
232,학교법인연세대학교의과대학세브란스병원,수막구균,메낙트라주,"108,100",서울 서대문구
233,학교법인연세대학교의과대학세브란스병원,수막구균,멘비오,"133,100",서울 서대문구
234,학교법인연세대학교의과대학세브란스병원,사람유두종바이러스,가다실프리필드시린지,"133,100",서울 서대문구
235,학교법인연세대학교의과대학세브란스병원,사람유두종바이러스,가다실9프리필드시린지,"203,100",서울 서대문구
236,학교법인연세대학교의과대학세브란스병원,사람유두종바이러스,서바릭스프리필드시린지,"133,100",서울 서대문구
237,학교법인연세대학교의과대학세브란스병원,인플루엔자,박씨그리프테트라주,"30,600",서울 서대문구
238,학교법인연세대학교의과대학세브란스병원,인플루엔자,스카이셀플루4가프리필드시린지,"26,100",서울 서대문구
239,학교법인연세대학교의과대학세브란스병원,인플루엔자,플루아릭스테트라프리필드시린지,"30,600",서울 서대문구
240,학교법인연세대학교의과대학세브란스병원,장티푸스,지로티프-주,"16,600",서울 서대문구
241,학교법인연세대학교의과대학세브란스병원,"Td(파상풍, 디프테리아)",에스케이티디백신주,"15,780",서울 서대문구
242,학교법인연세대학교의과대학세브란스병원,"Td(파상풍, 디프테리아)",티디퓨어주,"19,600",서울 서대문구
243,학교법인연세대학교의과대학세브란스병원,"Tdap(파상풍, 디프테리아, 백일해)",아다셀주,"29,600",서울 서대문구
244,학교법인연세대학교의과대학세브란스병원,"Tdap(파상풍, 디프테리아, 백일해)",부스트릭스프리필드시린지,"29,600",서울 서대문구
245,학교법인연세대학교의과대학세브란스병원,폐렴구균,프리베나13주,"83,100",서울 서대문구
246,학교법인연세대학교의과대학세브란스병원,폐렴구균,프로디악스-23,"32,100",서울 서대문구
247,학교법인연세대학교의과대학세브란스병원,폐렴구균,프로디악스-23프리필드시린지,"34,600",서울 서대문구
248,학교법인연세대학교의과대학세브란스병원,폐렴구균,신플로릭스프리필드시린지,"72,100",서울 서대문구
249,한양대학교병원,대상포진,조스타박스주,"190,000",서울 성동구
250,한양대학교병원,로타바이러스,로타텍액,"80,000",서울 성동구
251,한양대학교병원,로타바이러스,로타릭스프리필드,"130,000",서울 성동구
252,한양대학교병원,A형간염,하브릭스주 1ml,"60,000",서울 성동구
253,한양대학교병원,A형간염,아박심80U소아용주,"40,000",서울 성동구
254,한양대학교병원,A형간염,아박심160U성인용주,"60,000",서울 성동구
255,한양대학교병원,A형간염,박타프리필드 시린지 1ml,"60,000",서울 성동구
256,한양대학교병원,A형간염,박타프리필드 시린지 0.5ml,"40,000",서울 성동구
257,한양대학교병원,A형간염,하브릭스주 0.5ml,"40,000",서울 성동구
258,한양대학교병원,수두,수두박스주,"35,000",서울 성동구
259,한양대학교병원,사람유두종바이러스,가다실9프리필드시린지,"220,000",서울 성동구
260,한양대학교병원,장티푸스,지로티프-주,"15,000",서울 성동구
261,한양대학교병원,"Td(파상풍, 디프테리아)",녹십자티디백신프리필드시린지주,"30,000",서울 성동구
262,한양대학교병원,"Tdap(파상풍, 디프테리아, 백일해)",부스트릭스프리필드시린지,"45,000",서울 성동구
263,한양대학교병원,"Tdap(파상풍, 디프테리아, 백일해)",아다셀주,"45,000",서울 성동구
264,한양대학교병원,폐렴구균,프로디악스-23프리필드시린지,"40,000",서울 성동구
265,가톨릭대학교 여의도성모병원,대상포진,조스타박스주,"172,425",서울 영등포구
266,가톨릭대학교 여의도성모병원,로타바이러스,로타텍액,"66,300",서울 영등포구
267,가톨릭대학교 여의도성모병원,로타바이러스,로타릭스프리필드,"77,000",서울 영등포구
268,가톨릭대학교 여의도성모병원,A형간염,박타프리필드 시린지 1ml,"46,825",서울 영등포구
269,가톨릭대학교 여의도성모병원,A형간염,아박심80U소아용주,"22,635",서울 영등포구
270,가톨릭대학교 여의도성모병원,A형간염,아박심160U성인용주,"46,825",서울 영등포구
271,가톨릭대학교 여의도성모병원,A형간염,아박심80U소아용주,"22,635",서울 영등포구
272,가톨릭대학교 여의도성모병원,수두,수두박스주,"20,355",서울 영등포구
273,가톨릭대학교 여의도성모병원,수막구균,멘비오,"113,535",서울 영등포구
274,가톨릭대학교 여의도성모병원,사람유두종바이러스,가다실9프리필드시린지,"191,676",서울 영등포구
275,가톨릭대학교 여의도성모병원,사람유두종바이러스,가다실프리필드시린지,"160,000",서울 영등포구
276,가톨릭대학교 여의도성모병원,사람유두종바이러스,서바릭스프리필드시린지,"125,000",서울 영등포구
277,가톨릭대학교 여의도성모병원,인플루엔자,지씨플루쿼드리밸런트프리필드시린지주,"15,125",서울 영등포구
278,가톨릭대학교 여의도성모병원,장티푸스,지로티프-주,"11,225",서울 영등포구
279,가톨릭대학교 여의도성모병원,"Td(파상풍, 디프테리아)",티디퓨어주,"19,915",서울 영등포구
280,가톨릭대학교 여의도성모병원,"Tdap(파상풍, 디프테리아, 백일해)",부스트릭스프리필드시린지,"29,545",서울 영등포구
281,가톨릭대학교 여의도성모병원,"Tdap(파상풍, 디프테리아, 백일해)",아다셀주,"23,515",서울 영등포구
282,가톨릭대학교 여의도성모병원,폐렴구균,프로디악스-23프리필드시린지,"32,385",서울 영등포구
283,가톨릭대학교 여의도성모병원,폐렴구균,프리베나13주,"83,395",서울 영등포구
284,가톨릭대학교 은평성모병원,대상포진,조스타박스주,"169,000",서울 은평구
285,가톨릭대학교 은평성모병원,로타바이러스,로타릭스프리필드,"130,000",서울 은평구
286,가톨릭대학교 은평성모병원,로타바이러스,로타텍액,"80,000",서울 은평구
287,가톨릭대학교 은평성모병원,A형간염,박타주 0.5ml,"19,650",서울 은평구
288,가톨릭대학교 은평성모병원,A형간염,박타프리필드 시린지 0.5ml,"19,650",서울 은평구
289,가톨릭대학교 은평성모병원,A형간염,박타프리필드 시린지 1ml,"43,400",서울 은평구
290,가톨릭대학교 은평성모병원,A형간염,박타프리필드 시린지 1ml,"43,400",서울 은평구
291,가톨릭대학교 은평성모병원,수두,수두박스주,"16,930",서울 은평구
292,가톨릭대학교 은평성모병원,수막구균,멘비오,"110,000",서울 은평구
293,가톨릭대학교 은평성모병원,사람유두종바이러스,서바릭스프리필드시린지,"73,520",서울 은평구
294,가톨릭대학교 은평성모병원,사람유두종바이러스,가다실9프리필드시린지,"190,000",서울 은평구
295,가톨릭대학교 은평성모병원,사람유두종바이러스,가다실프리필드시린지,"121,550",서울 은평구
296,가톨릭대학교 은평성모병원,인플루엔자,지씨플루쿼드리밸런트프리필드시린지주,"11,700",서울 은평구
297,가톨릭대학교 은평성모병원,장티푸스,지로티프-주,"7,800",서울 은평구
298,가톨릭대학교 은평성모병원,"Td(파상풍, 디프테리아)",에스케이티디백신주,"16,490",서울 은평구
299,가톨릭대학교 은평성모병원,"Tdap(파상풍, 디프테리아, 백일해)",아다셀주,"26,120",서울 은평구
300,가톨릭대학교 은평성모병원,"Tdap(파상풍, 디프테리아, 백일해)",부스트릭스프리필드시린지,"26,120",서울 은평구
301,가톨릭대학교 은평성모병원,폐렴구균,프리베나13주,"79,970",서울 은평구
302,가톨릭대학교 은평성모병원,폐렴구균,프로디악스-23프리필드시린지,"28,960",서울 은평구
303,가톨릭대학교 은평성모병원,폐렴구균,신플로릭스프리필드시린지,"68,840",서울 은평구
304,강동경희대학교의대병원,대상포진,조스타박스주,"190,000",서울 강동구
305,강동경희대학교의대병원,로타바이러스,로타텍액,"100,000",서울 강동구
306,강동경희대학교의대병원,A형간염,하브릭스주 0.5ml,"50,000",서울 강동구
307,강동경희대학교의대병원,A형간염,박타프리필드 시린지 1ml,"80,000",서울 강동구
308,강동경희대학교의대병원,A형간염,박타프리필드 시린지 0.5ml,"50,000",서울 강동구
309,강동경희대학교의대병원,A형간염,박타주 0.5ml,"50,000",서울 강동구
310,강동경희대학교의대병원,A형간염,박타주 0.5ml,"50,000",서울 강동구
311,강동경희대학교의대병원,수두,수두박스주,"35,000",서울 강동구
312,강동경희대학교의대병원,신증후군출혈열,한타박스 0.5ml,"22,000",서울 강동구
313,강동경희대학교의대병원,사람유두종바이러스,가다실프리필드시린지,"180,000",서울 강동구
314,강동경희대학교의대병원,사람유두종바이러스,서바릭스프리필드시린지,"140,000",서울 강동구
315,강동경희대학교의대병원,사람유두종바이러스,가다실9프리필드시린지,"180,000",서울 강동구
316,강동경희대학교의대병원,장티푸스,지로티프-주,"13,000",서울 강동구
317,강동경희대학교의대병원,"Tdap(파상풍, 디프테리아, 백일해)",아다셀주,"30,000",서울 강동구
318,강동경희대학교의대병원,"Tdap(파상풍, 디프테리아, 백일해)",부스트릭스프리필드시린지,"30,000",서울 강동구
319,강동경희대학교의대병원,폐렴구균,프리베나13주,"130,000",서울 강동구
320,강동경희대학교의대병원,폐렴구균,신플로릭스프리필드시린지,"130,000",서울 강동구
321,강동경희대학교의대병원,폐렴구균,프로디악스-23프리필드시린지,"50,000",서울 강동구
322,경찰병원,대상포진,조스타박스주,"160,000",서울 송파구
323,경찰병원,로타바이러스,로타텍액,"100,000",서울 송파구
324,경찰병원,A형간염,박타주 0.5ml,"40,000",서울 송파구
325,경찰병원,A형간염,박타프리필드 시린지 1ml,"50,000",서울 송파구
326,경찰병원,A형간염,박타프리필드 시린지 0.5ml,"40,000",서울 송파구
327,경찰병원,수두,수두박스주,"35,000",서울 송파구
328,경찰병원,수막구균,멘비오,"130,000",서울 송파구
329,경찰병원,사람유두종바이러스,가다실9프리필드시린지,"200,000",서울 송파구
330,경찰병원,장티푸스,지로티프-주,"10,000",서울 송파구
331,경찰병원,"Tdap(파상풍, 디프테리아, 백일해)",부스트릭스프리필드시린지,"30,000",서울 송파구
332,경찰병원,폐렴구균,프리베나13주,"110,000",서울 송파구
333,구로성심병원,대상포진,스카이조스터주,"170,000",서울 구로구
334,구로성심병원,A형간염,하브릭스주 1ml,"110,000",서울 구로구
335,구로성심병원,사람유두종바이러스,가다실프리필드시린지,"160,000",서울 구로구
336,구로성심병원,사람유두종바이러스,가다실9프리필드시린지,"210,000",서울 구로구
337,구로성심병원,"Td(파상풍, 디프테리아)",티디퓨어주,"30,000",서울 구로구
338,구로성심병원,폐렴구균,프리베나13주,"120,000",서울 구로구
339,국립중앙의료원,대상포진,스카이조스터주,"150,000",서울 중구
340,국립중앙의료원,대상포진,조스타박스주,"150,000",서울 중구
341,국립중앙의료원,로타바이러스,로타텍액,"58,000",서울 중구
342,국립중앙의료원,로타바이러스,로타릭스프리필드,"85,000",서울 중구
343,국립중앙의료원,A형간염,아박심160U성인용주,"50,000",서울 중구
344,국립중앙의료원,A형간염,아박심80U소아용주,"25,000",서울 중구
345,국립중앙의료원,A형간염,박타프리필드 시린지 1ml,"50,000",서울 중구
346,국립중앙의료원,A형간염,박타프리필드 시린지 0.5ml,"25,000",서울 중구
347,국립중앙의료원,수두,수두박스주,"35,000",서울 중구
348,국립중앙의료원,수막구균,멘비오,"150,000",서울 중구
349,국립중앙의료원,수막구균,메낙트라주,"150,000",서울 중구
350,국립중앙의료원,사람유두종바이러스,가다실9프리필드시린지,"170,000",서울 중구
351,국립중앙의료원,사람유두종바이러스,가다실프리필드시린지,"130,000",서울 중구
352,국립중앙의료원,사람유두종바이러스,서바릭스프리필드시린지,"110,000",서울 중구
353,국립중앙의료원,인플루엔자,스카이셀플루4가프리필드시린지,"30,000",서울 중구
354,국립중앙의료원,인플루엔자,박씨그리프테트라주,"30,000",서울 중구
355,국립중앙의료원,장티푸스,지로티프-주,"15,000",서울 중구
356,국립중앙의료원,"Td(파상풍, 디프테리아)",디티부스터에스에스아이주,"30,000",서울 중구
357,국립중앙의료원,"Td(파상풍, 디프테리아)",에스케이티디백신주,"30,000",서울 중구
358,국립중앙의료원,"Td(파상풍, 디프테리아)",티디퓨어주,"30,000",서울 중구
359,국립중앙의료원,"Tdap(파상풍, 디프테리아, 백일해)",부스트릭스프리필드시린지,"40,000",서울 중구
360,국립중앙의료원,폐렴구균,프리베나13주,"86,500",서울 중구
361,국립중앙의료원,폐렴구균,프로디악스-23프리필드시린지,"40,000",서울 중구
362,국립중앙의료원,폐렴구균,프로디악스-23,"40,000",서울 중구
363,노원을지대학교병원,대상포진,조스타박스주,"170,000",서울 노원구
364,노원을지대학교병원,로타바이러스,로타텍액,"80,000",서울 노원구
365,노원을지대학교병원,A형간염,박타주 0.5ml,"42,500",서울 노원구
366,노원을지대학교병원,A형간염,박타프리필드 시린지 1ml,"66,000",서울 노원구
367,노원을지대학교병원,인플루엔자,스카이셀플루4가프리필드시린지,"40,000",서울 노원구
368,노원을지대학교병원,인플루엔자,플루아릭스테트라프리필드시린지,"40,000",서울 노원구
369,녹색병원,대상포진,조스타박스주,"132,000",서울 중랑구
370,녹색병원,A형간염,박타프리필드 시린지 1ml,"80,000",서울 중랑구
371,녹색병원,A형간염,박타프리필드 시린지 0.5ml,"40,000",서울 중랑구
372,녹색병원,수두,스카이바리셀라주,"35,000",서울 중랑구
373,녹색병원,사람유두종바이러스,가다실9프리필드시린지,"200,000",서울 중랑구
374,녹색병원,인플루엔자,지씨플루쿼드리밸런트프리필드시린지주,"35,000",서울 중랑구
375,녹색병원,"Td(파상풍, 디프테리아)",에스케이티디백신주,"30,000",서울 중랑구
376,녹색병원,"Tdap(파상풍, 디프테리아, 백일해)",아다셀주,"50,000",서울 중랑구
377,녹색병원,폐렴구균,프리베나13주,"120,000",서울 중랑구
378,녹색병원,폐렴구균,프로디악스-23프리필드시린지,"50,000",서울 중랑구
379,대림성모병원,대상포진,조스타박스주,"190,000",서울 영등포구
380,대림성모병원,A형간염,박타프리필드 시린지 1ml,"70,000",서울 영등포구
381,대림성모병원,수두,수두박스주,"35,000",서울 영등포구
382,대림성모병원,사람유두종바이러스,서바릭스프리필드시린지,"130,000",서울 영등포구
383,대림성모병원,사람유두종바이러스,가다실프리필드시린지,"180,000",서울 영등포구
384,대림성모병원,사람유두종바이러스,가다실9프리필드시린지,"210,000",서울 영등포구
385,대림성모병원,인플루엔자,보령플루Ⅷ테트라백신주,"35,000",서울 영등포구
386,대림성모병원,인플루엔자,비알플루텍III테트라백신프리필드시린지,"40,000",서울 영등포구
387,대림성모병원,"Td(파상풍, 디프테리아)",녹십자티디백신프리필드시린지주,"30,000",서울 영등포구
388,대림성모병원,"Tdap(파상풍, 디프테리아, 백일해)",아다셀주,"40,000",서울 영등포구
389,대림성모병원,폐렴구균,프리베나13주,"147,000",서울 영등포구
390,명지성모병원,대상포진,스카이조스터주,"130,000",서울 영등포구
391,명지성모병원,대상포진,조스타박스주,"190,000",서울 영등포구
392,명지성모병원,A형간염,하브릭스주 1ml,"80,000",서울 영등포구
393,명지성모병원,A형간염,아박심160U성인용주,"60,000",서울 영등포구
394,명지성모병원,사람유두종바이러스,가다실프리필드시린지,"180,000",서울 영등포구
395,명지성모병원,인플루엔자,스카이셀플루4가프리필드시린지,"35,000",서울 영등포구
396,명지성모병원,"Td(파상풍, 디프테리아)",녹십자티디백신프리필드시린지주,"30,000",서울 영등포구
397,명지성모병원,폐렴구균,프리베나13주,"130,000",서울 영등포구
398,미즈메디병원,대상포진,조스타박스주,"170,000",서울 강서구
399,미즈메디병원,로타바이러스,로타텍액,"110,000",서울 강서구
400,미즈메디병원,A형간염,하브릭스주 0.5ml,"46,000",서울 강서구
401,미즈메디병원,A형간염,하브릭스주 1ml,"80,000",서울 강서구
402,미즈메디병원,A형간염,아박심160U성인용주,"80,000",서울 강서구
403,미즈메디병원,수두,수두박스주,"35,000",서울 강서구
404,미즈메디병원,수막구균,멘비오,"150,000",서울 강서구
405,미즈메디병원,사람유두종바이러스,가다실9프리필드시린지,"230,000",서울 강서구
406,미즈메디병원,사람유두종바이러스,가다실프리필드시린지,"200,000",서울 강서구
407,미즈메디병원,사람유두종바이러스,서바릭스프리필드시린지,"150,000",서울 강서구
408,미즈메디병원,인플루엔자,박씨그리프테트라주,"40,000",서울 강서구
409,미즈메디병원,인플루엔자,스카이셀플루4가프리필드시린지,"40,000",서울 강서구
410,미즈메디병원,인플루엔자,스카이셀플루4가프리필드시린지,"40,000",서울 강서구
411,미즈메디병원,"Td(파상풍, 디프테리아)",에스케이티디백신주,"30,000",서울 강서구
412,미즈메디병원,"Tdap(파상풍, 디프테리아, 백일해)",부스트릭스프리필드시린지,"44,000",서울 강서구
413,미즈메디병원,"Tdap(파상풍, 디프테리아, 백일해)",아다셀주,"50,000",서울 강서구
414,미즈메디병원,폐렴구균,프로디악스-23프리필드시린지,"45,000",서울 강서구
415,미즈메디병원,폐렴구균,프리베나13주,"130,000",서울 강서구
416,미즈메디병원,폐렴구균,신플로릭스프리필드시린지,"126,000",서울 강서구
417,부민병원,대상포진,조스타박스주,"184,200",서울 강서구
418,부민병원,대상포진,스카이조스터주,"184,200",서울 강서구
419,부민병원,로타바이러스,로타텍액,"100,000",서울 강서구
420,부민병원,로타바이러스,로타릭스프리필드,"130,000",서울 강서구
421,부민병원,A형간염,하브릭스주 1ml,"70,000",서울 강서구
422,부민병원,A형간염,하브릭스주 0.5ml,"32,560",서울 강서구
423,부민병원,A형간염,아박심80U소아용주,"40,000",서울 강서구
424,부민병원,A형간염,아박심160U성인용주,"73,300",서울 강서구
425,부민병원,수두,수두박스주,"36,280",서울 강서구
426,부민병원,수막구균,멘비오,"150,000",서울 강서구
427,부민병원,사람유두종바이러스,가다실프리필드시린지,"180,000",서울 강서구
428,부민병원,인플루엔자,테라텍트프리필드시린지주,"35,000",서울 강서구
429,부민병원,인플루엔자,플루아릭스테트라프리필드시린지,"40,000",서울 강서구
430,부민병원,인플루엔자,보령플루Ⅷ테트라백신주,"40,000",서울 강서구
431,부민병원,인플루엔자,박씨그리프테트라주,"35,000",서울 강서구
432,부민병원,인플루엔자,플루아릭스테트라프리필드시린지,"40,000",서울 강서구
433,부민병원,"Td(파상풍, 디프테리아)",에스케이티디백신주,"36,270",서울 강서구
434,부민병원,"Td(파상풍, 디프테리아)",티디퓨어주,"36,600",서울 강서구
435,부민병원,"Tdap(파상풍, 디프테리아, 백일해)",부스트릭스프리필드시린지,"38,290",서울 강서구
436,부민병원,"Tdap(파상풍, 디프테리아, 백일해)",아다셀주,"51,930",서울 강서구
437,부민병원,폐렴구균,프리베나13주,"135,980",서울 강서구
438,삼육서울병원,대상포진,조스타박스주,"190,000",서울 동대문구
439,삼육서울병원,로타바이러스,로타텍액,"100,000",서울 동대문구
440,삼육서울병원,A형간염,박타프리필드 시린지 1ml,"70,000",서울 동대문구
441,삼육서울병원,A형간염,박타프리필드 시린지 0.5ml,"40,000",서울 동대문구
442,삼육서울병원,수막구균,멘비오,"150,000",서울 동대문구
443,삼육서울병원,폐렴구균,프로디악스-23,"40,000",서울 동대문구
444,서울성심병원,대상포진,조스타박스주,"155,000",서울 동대문구
445,서울성심병원,로타바이러스,로타릭스프리필드,"100,000",서울 동대문구
446,서울성심병원,A형간염,아박심160U성인용주,"70,000",서울 동대문구
447,서울성심병원,A형간염,박타주 0.5ml,"40,000",서울 동대문구
448,서울성심병원,수두,수두박스주,"35,000",서울 동대문구
449,서울성심병원,수막구균,멘비오,"150,000",서울 동대문구
450,서울성심병원,사람유두종바이러스,가다실9프리필드시린지,"200,000",서울 동대문구
451,서울성심병원,사람유두종바이러스,가다실프리필드시린지,"180,000",서울 동대문구
452,서울성심병원,"Td(파상풍, 디프테리아)",에스케이티디백신주,"30,000",서울 동대문구
453,서울성심병원,"Td(파상풍, 디프테리아)",녹십자티디백신프리필드시린지주,"30,000",서울 동대문구
454,서울성심병원,"Tdap(파상풍, 디프테리아, 백일해)",아다셀주,"40,000",서울 동대문구
455,서울성심병원,"Tdap(파상풍, 디프테리아, 백일해)",부스트릭스프리필드시린지,"50,000",서울 동대문구
456,서울성심병원,폐렴구균,프로디악스-23프리필드시린지,"60,000",서울 동대문구
457,서울성심병원,폐렴구균,프리베나13주,"150,000",서울 동대문구
458,서울적십자병원,대상포진,조스타박스주,"150,000",서울 종로구
459,서울적십자병원,로타바이러스,로타텍액,"75,000",서울 종로구
460,서울적십자병원,A형간염,박타주 0.5ml,"40,000",서울 종로구
461,서울적십자병원,A형간염,박타프리필드 시린지 1ml,"60,000",서울 종로구
462,서울적십자병원,수두,바리-엘백신,"35,000",서울 종로구
463,서울적십자병원,사람유두종바이러스,서바릭스프리필드시린지,"115,000",서울 종로구
464,서울적십자병원,사람유두종바이러스,가다실9프리필드시린지,"200,000",서울 종로구
465,서울적십자병원,인플루엔자,플루아릭스테트라프리필드시린지,"26,000",서울 종로구
466,서울적십자병원,"Td(파상풍, 디프테리아)",티디퓨어주,"32,000",서울 종로구
467,서울적십자병원,"Tdap(파상풍, 디프테리아, 백일해)",아다셀주,"40,000",서울 종로구
468,서울적십자병원,폐렴구균,프로디악스-23,"40,000",서울 종로구
469,서울적십자병원,폐렴구균,신플로릭스프리필드시린지,"80,000",서울 종로구
470,서울적십자병원,폐렴구균,신플로릭스프리필드시린지,"80,000",서울 종로구
471,서울특별시 동부병원,대상포진,조스타박스주,"100,530",서울 동대문구
472,서울특별시 동부병원,로타바이러스,로타텍액,"57,721",서울 동대문구
473,서울특별시 동부병원,로타바이러스,로타릭스프리필드,"91,719",서울 동대문구
474,서울특별시 동부병원,A형간염,박타프리필드 시린지 1ml,"52,130",서울 동대문구
475,서울특별시 동부병원,A형간염,아박심160U성인용주,"50,668",서울 동대문구
476,서울특별시 동부병원,A형간염,박타주 0.5ml,"32,286",서울 동대문구
477,서울특별시 동부병원,수두,바리-엘백신,"31,487",서울 동대문구
478,서울특별시 동부병원,수막구균,멘비오,"79,145",서울 동대문구
479,서울특별시 동부병원,사람유두종바이러스,가다실프리필드시린지,"102,791",서울 동대문구
480,서울특별시 동부병원,사람유두종바이러스,가다실9프리필드시린지,"123,785",서울 동대문구
481,서울특별시 동부병원,"Td(파상풍, 디프테리아)",티디퓨어주,"30,114",서울 동대문구
482,서울특별시 동부병원,"Tdap(파상풍, 디프테리아, 백일해)",아다셀주,"37,063",서울 동대문구
483,서울특별시 동부병원,"Tdap(파상풍, 디프테리아, 백일해)",부스트릭스프리필드시린지,"37,937",서울 동대문구
484,서울특별시 동부병원,폐렴구균,프리베나13주,"69,234",서울 동대문구
485,서울특별시보라매병원,대상포진,조스타박스주,"119,865",서울 동작구
486,서울특별시보라매병원,로타바이러스,로타텍액,"71,376",서울 동작구
487,서울특별시보라매병원,로타바이러스,로타릭스프리필드,"78,993",서울 동작구
488,서울특별시보라매병원,A형간염,아박심160U성인용주,"46,208",서울 동작구
489,서울특별시보라매병원,A형간염,박타프리필드 시린지 0.5ml,"32,523",서울 동작구
490,서울특별시보라매병원,A형간염,하브릭스주 0.5ml,"30,842",서울 동작구
491,서울특별시보라매병원,A형간염,박타주 0.5ml,"31,212",서울 동작구
492,서울특별시보라매병원,A형간염,하브릭스주 1ml,"33,555",서울 동작구
493,서울특별시보라매병원,A형간염,박타프리필드 시린지 0.5ml,"32,523",서울 동작구
494,서울특별시보라매병원,수두,수두박스주,"29,291",서울 동작구
495,서울특별시보라매병원,수막구균,멘비오,"105,954",서울 동작구
496,서울특별시보라매병원,사람유두종바이러스,가다실프리필드시린지,"109,671",서울 동작구
497,서울특별시보라매병원,사람유두종바이러스,가다실9프리필드시린지,"119,686",서울 동작구
498,서울특별시보라매병원,사람유두종바이러스,서바릭스프리필드시린지,"97,912",서울 동작구
499,서울특별시보라매병원,인플루엔자,박씨그리프테트라주,"30,549",서울 동작구
500,서울특별시보라매병원,장티푸스,지로티프-주,"24,737",서울 동작구
501,서울특별시보라매병원,"Td(파상풍, 디프테리아)",디티부스터에스에스아이주,"29,357",서울 동작구
502,서울특별시보라매병원,"Tdap(파상풍, 디프테리아, 백일해)",아다셀주,"35,112",서울 동작구
503,서울특별시보라매병원,"Tdap(파상풍, 디프테리아, 백일해)",부스트릭스프리필드시린지,"35,112",서울 동작구
504,서울특별시보라매병원,폐렴구균,프리베나13주,"70,056",서울 동작구
505,서울특별시보라매병원,폐렴구균,신플로릭스프리필드시린지,"63,207",서울 동작구
506,서울특별시보라매병원,폐렴구균,프로디악스-23프리필드시린지,"31,450",서울 동작구
507,서울특별시서남병원,대상포진,조스타박스주,"99,709",서울 양천구
508,서울특별시서남병원,로타바이러스,로타릭스프리필드,"91,509",서울 양천구
509,서울특별시서남병원,로타바이러스,로타텍액,"58,646",서울 양천구
510,서울특별시서남병원,A형간염,박타프리필드 시린지 1ml,"52,130",서울 양천구
511,서울특별시서남병원,A형간염,박타프리필드 시린지 0.5ml,"33,410",서울 양천구
512,서울특별시서남병원,A형간염,아박심160U성인용주,"54,401",서울 양천구
513,서울특별시서남병원,A형간염,하브릭스주 1ml,"50,290",서울 양천구
514,서울특별시서남병원,A형간염,하브릭스주 0.5ml,"31,571",서울 양천구
515,서울특별시서남병원,A형간염,아박심80U소아용주,"32,194",서울 양천구
516,서울특별시서남병원,수두,수두박스주,"28,669",서울 양천구
517,서울특별시서울의료원,대상포진,조스타박스주,"100,530",서울 중랑구
518,서울특별시서울의료원,로타바이러스,로타릭스프리필드,"81,829",서울 중랑구
519,서울특별시서울의료원,로타바이러스,로타텍액,"50,991",서울 중랑구
520,서울특별시서울의료원,수두,바리-엘백신,"29,727",서울 중랑구
521,서울특별시서울의료원,수두,스카이바리셀라주,"31,487",서울 중랑구
522,서울특별시서울의료원,수막구균,메낙트라주,"79,145",서울 중랑구
523,서울특별시서울의료원,사람유두종바이러스,가다실9프리필드시린지,"141,720",서울 중랑구
524,서울특별시서울의료원,사람유두종바이러스,서바릭스프리필드시린지,"71,979",서울 중랑구
525,서울특별시서울의료원,사람유두종바이러스,가다실프리필드시린지,"78,838",서울 중랑구
526,서울특별시서울의료원,인플루엔자,스카이셀플루4가프리필드시린지,"34,765",서울 중랑구
527,서울특별시서울의료원,장티푸스,지로티프-주,"25,379",서울 중랑구
528,서울특별시서울의료원,"Tdap(파상풍, 디프테리아, 백일해)",아다셀주,"38,147",서울 중랑구
529,서울특별시서울의료원,"Tdap(파상풍, 디프테리아, 백일해)",부스트릭스프리필드시린지,"38,147",서울 중랑구
530,서울특별시서울의료원,폐렴구균,프리베나13주,"69,234",서울 중랑구
531,성심의료재단강동성심병원,대상포진,조스타박스주,"190,000",서울 강동구
532,성심의료재단강동성심병원,로타바이러스,로타릭스프리필드,"130,000",서울 강동구
533,성심의료재단강동성심병원,로타바이러스,로타텍액,"100,000",서울 강동구
534,성심의료재단강동성심병원,A형간염,아박심80U소아용주,"40,000",서울 강동구
535,성심의료재단강동성심병원,A형간염,아박심160U성인용주,"60,000",서울 강동구
536,성심의료재단강동성심병원,수두,수두박스주,"45,000",서울 강동구
537,성심의료재단강동성심병원,수막구균,멘비오,"150,000",서울 강동구
538,성심의료재단강동성심병원,사람유두종바이러스,가다실9프리필드시린지,"210,000",서울 강동구
539,성심의료재단강동성심병원,장티푸스,지로티프-주,"20,000",서울 강동구
540,성심의료재단강동성심병원,"Td(파상풍, 디프테리아)",티디퓨어주,"30,000",서울 강동구
541,성심의료재단강동성심병원,"Tdap(파상풍, 디프테리아, 백일해)",아다셀주,"42,000",서울 강동구
542,성심의료재단강동성심병원,폐렴구균,프로디악스-23,"40,000",서울 강동구
543,성심의료재단강동성심병원,폐렴구균,신플로릭스프리필드시린지,"130,000",서울 강동구
544,성심의료재단강동성심병원,폐렴구균,프리베나13주,"130,000",서울 강동구
545,성애의료재단 성애병원,대상포진,조스타박스주,"180,000",서울 영등포구
546,성애의료재단 성애병원,로타바이러스,로타릭스프리필드,"130,000",서울 영등포구
547,성애의료재단 성애병원,로타바이러스,로타텍액,"100,000",서울 영등포구
548,성애의료재단 성애병원,A형간염,아박심160U성인용주,"65,000",서울 영등포구
549,성애의료재단 성애병원,A형간염,박타프리필드 시린지 1ml,"65,000",서울 영등포구
550,성애의료재단 성애병원,A형간염,박타프리필드 시린지 1ml,"65,000",서울 영등포구
551,성애의료재단 성애병원,수두,수두박스주,"35,000",서울 영등포구
552,성애의료재단 성애병원,수두,스카이바리셀라주,"35,000",서울 영등포구
553,성애의료재단 성애병원,수막구균,멘비오,"150,000",서울 영등포구
554,성애의료재단 성애병원,사람유두종바이러스,서바릭스프리필드시린지,"130,000",서울 영등포구
555,성애의료재단 성애병원,사람유두종바이러스,가다실9프리필드시린지,"200,000",서울 영등포구
556,성애의료재단 성애병원,사람유두종바이러스,가다실프리필드시린지,"150,000",서울 영등포구
557,성애의료재단 성애병원,인플루엔자,보령플루Ⅷ테트라백신주,"35,000",서울 영등포구
558,성애의료재단 성애병원,장티푸스,지로티프-주,"15,000",서울 영등포구
559,성애의료재단 성애병원,"Td(파상풍, 디프테리아)",녹십자티디백신프리필드시린지주,"35,000",서울 영등포구
560,성애의료재단 성애병원,"Tdap(파상풍, 디프테리아, 백일해)",부스트릭스프리필드시린지,"50,000",서울 영등포구
561,성애의료재단 성애병원,폐렴구균,프리베나13주,"120,000",서울 영등포구
562,성애의료재단 성애병원,폐렴구균,프로디악스-23프리필드시린지,"50,000",서울 영등포구
563,세란병원,대상포진,조스타박스주,"195,000",서울 종로구
564,세란병원,대상포진,스카이조스터주,"150,000",서울 종로구
565,세란병원,A형간염,하브릭스주 1ml,"80,000",서울 종로구
566,세란병원,수막구균,멘비오,"150,000",서울 종로구
567,세란병원,사람유두종바이러스,가다실프리필드시린지,"150,000",서울 종로구
568,세란병원,사람유두종바이러스,가다실9프리필드시린지,"180,000",서울 종로구
569,세란병원,인플루엔자,지씨플루쿼드리밸런트프리필드시린지주,"30,000",서울 종로구
570,세란병원,"Td(파상풍, 디프테리아)",녹십자티디백신프리필드시린지주,"40,000",서울 종로구
571,세란병원,"Tdap(파상풍, 디프테리아, 백일해)",부스트릭스프리필드시린지,"45,000",서울 종로구
572,세란병원,폐렴구균,프리베나13주,"110,000",서울 종로구
573,순천향대학교 부속 서울병원,대상포진,조스타박스주,"170,000",서울 용산구
574,순천향대학교 부속 서울병원,대상포진,스카이조스터주,"140,000",서울 용산구
575,순천향대학교 부속 서울병원,로타바이러스,로타텍액,"90,000",서울 용산구
576,순천향대학교 부속 서울병원,로타바이러스,로타릭스프리필드,"130,000",서울 용산구
577,순천향대학교 부속 서울병원,A형간염,하브릭스주 1ml,"70,000",서울 용산구
578,순천향대학교 부속 서울병원,수막구균,멘비오,"150,000",서울 용산구
579,순천향대학교 부속 서울병원,수막구균,메낙트라주,"150,000",서울 용산구
580,순천향대학교 부속 서울병원,사람유두종바이러스,가다실9프리필드시린지,"200,000",서울 용산구
581,순천향대학교 부속 서울병원,사람유두종바이러스,서바릭스프리필드시린지,"150,000",서울 용산구
582,순천향대학교 부속 서울병원,사람유두종바이러스,가다실프리필드시린지,"180,000",서울 용산구
583,순천향대학교 부속 서울병원,인플루엔자,지씨플루쿼드리밸런트프리필드시린지주,"40,000",서울 용산구
584,순천향대학교 부속 서울병원,인플루엔자,스카이셀플루4가프리필드시린지,"40,000",서울 용산구
585,순천향대학교 부속 서울병원,장티푸스,지로티프-주,"15,000",서울 용산구
586,순천향대학교 부속 서울병원,폐렴구균,프로디악스-23프리필드시린지,"40,000",서울 용산구
587,순천향대학교 부속 서울병원,폐렴구균,프리베나13주,"100,000",서울 용산구
588,씨엠병원,대상포진,스카이조스터주,"130,000",서울 영등포구
589,씨엠병원,A형간염,아박심160U성인용주,"80,000",서울 영등포구
590,씨엠병원,수두,스카이바리셀라주,"40,000",서울 영등포구
591,씨엠병원,사람유두종바이러스,가다실9프리필드시린지,"210,000",서울 영등포구
592,씨엠병원,인플루엔자,플루아릭스테트라프리필드시린지,"40,000",서울 영등포구
593,씨엠병원,인플루엔자,지씨플루쿼드리밸런트프리필드시린지주,"40,000",서울 영등포구
594,씨엠병원,"Td(파상풍, 디프테리아)",녹십자티디백신프리필드시린지주,"30,000",서울 영등포구
595,씨엠병원,"Tdap(파상풍, 디프테리아, 백일해)",부스트릭스프리필드시린지,"40,000",서울 영등포구
596,씨엠병원,폐렴구균,프로디악스-23,"50,000",서울 영등포구
597,씨엠병원,폐렴구균,프리베나13주,"197,120",서울 영등포구
598,에이치플러스 양지병원,대상포진,조스타박스주,"170,000",서울 관악구
599,에이치플러스 양지병원,로타바이러스,로타텍액,"80,000",서울 관악구
600,에이치플러스 양지병원,로타바이러스,로타릭스프리필드,"100,000",서울 관악구
601,에이치플러스 양지병원,A형간염,박타프리필드 시린지 1ml,"70,000",서울 관악구
602,에이치플러스 양지병원,A형간염,박타주 0.5ml,"40,000",서울 관악구
603,에이치플러스 양지병원,A형간염,박타프리필드 시린지 0.5ml,"70,000",서울 관악구
604,에이치플러스 양지병원,수두,바리-엘백신,"35,000",서울 관악구
605,에이치플러스 양지병원,수두,수두박스주,"30,770",서울 관악구
606,에이치플러스 양지병원,수막구균,멘비오,"150,000",서울 관악구
607,에이치플러스 양지병원,사람유두종바이러스,가다실프리필드시린지,"160,000",서울 관악구
608,에이치플러스 양지병원,사람유두종바이러스,가다실9프리필드시린지,"180,000",서울 관악구
609,에이치플러스 양지병원,인플루엔자,스카이셀플루4가프리필드시린지,"35,000",서울 관악구
610,에이치플러스 양지병원,인플루엔자,지씨플루쿼드리밸런트프리필드시린지주,"35,000",서울 관악구
611,에이치플러스 양지병원,장티푸스,지로티프-주,"13,200",서울 관악구
612,에이치플러스 양지병원,"Td(파상풍, 디프테리아)",녹십자티디백신프리필드시린지주,"30,000",서울 관악구
613,에이치플러스 양지병원,"Tdap(파상풍, 디프테리아, 백일해)",부스트릭스프리필드시린지,"50,000",서울 관악구
614,에이치플러스 양지병원,폐렴구균,프로디악스-23프리필드시린지,"60,000",서울 관악구
615,에이치플러스 양지병원,폐렴구균,프리베나13주,"79,600",서울 관악구
616,우리들병원,대상포진,조스타박스주,"150,000",서울 강서구
617,우리들병원,A형간염,박타프리필드 시린지 1ml,"68,000",서울 강서구
618,우리들병원,A형간염,아박심160U성인용주,"80,000",서울 강서구
619,우리들병원,사람유두종바이러스,가다실9프리필드시린지,"250,000",서울 강서구
620,우리들병원,인플루엔자,테라텍트프리필드시린지주,"34,200",서울 강서구
621,우리들병원,폐렴구균,프로디악스-23프리필드시린지,"88,000",서울 강서구
622,의료법인 청구성심병원,대상포진,스카이조스터주,"180,000",서울 은평구
623,의료법인 청구성심병원,로타바이러스,로타릭스프리필드,"130,000",서울 은평구
624,의료법인 청구성심병원,A형간염,하브릭스주 1ml,"80,000",서울 은평구
625,의료법인 청구성심병원,사람유두종바이러스,가다실프리필드시린지,"180,000",서울 은평구
626,의료법인 청구성심병원,사람유두종바이러스,가다실9프리필드시린지,"210,000",서울 은평구
627,의료법인 청구성심병원,인플루엔자,스카이셀플루4가프리필드시린지,"40,000",서울 은평구
628,의료법인 청구성심병원,폐렴구균,프리베나13주,"150,000",서울 은평구
629,의료법인 청구성심병원,폐렴구균,프로디악스-23,"50,000",서울 은평구
630,의료법인동신의료재단 동신병원,대상포진,조스타박스주,"190,000",서울 서대문구
631,의료법인동신의료재단 동신병원,A형간염,하브릭스주 1ml,"80,000",서울 서대문구
632,의료법인동신의료재단 동신병원,사람유두종바이러스,가다실9프리필드시린지,"220,000",서울 서대문구
633,의료법인동신의료재단 동신병원,"Tdap(파상풍, 디프테리아, 백일해)",부스트릭스프리필드시린지,"50,000",서울 서대문구
634,의료법인동신의료재단 동신병원,폐렴구균,프리베나13주,"130,000",서울 서대문구
635,의료법인성화의료재단  대한병원,대상포진,조스타박스주,"135,000",서울 강북구
636,의료법인성화의료재단  대한병원,대상포진,스카이조스터주,"130,000",서울 강북구
637,의료법인성화의료재단  대한병원,A형간염,하브릭스주 0.5ml,"80,000",서울 강북구
638,의료법인풍산의료재단동부제일병원,대상포진,스카이조스터주,"150,000",서울 중랑구
639,의료법인풍산의료재단동부제일병원,대상포진,조스타박스주,"170,000",서울 중랑구
640,의료법인풍산의료재단동부제일병원,A형간염,박타주 0.5ml,"50,000",서울 중랑구
641,의료법인풍산의료재단동부제일병원,A형간염,하브릭스주 1ml,"80,000",서울 중랑구
642,의료법인풍산의료재단동부제일병원,A형간염,아박심160U성인용주,"80,000",서울 중랑구
643,의료법인풍산의료재단동부제일병원,수두,수두박스주,"45,000",서울 중랑구
644,의료법인풍산의료재단동부제일병원,수막구균,메낙트라주,"150,000",서울 중랑구
645,의료법인풍산의료재단동부제일병원,사람유두종바이러스,가다실프리필드시린지,"150,000",서울 중랑구
646,의료법인풍산의료재단동부제일병원,사람유두종바이러스,가다실9프리필드시린지,"200,000",서울 중랑구
647,의료법인풍산의료재단동부제일병원,인플루엔자,스카이셀플루4가프리필드시린지,"35,000",서울 중랑구
648,의료법인풍산의료재단동부제일병원,인플루엔자,플루아릭스테트라프리필드시린지,"40,000",서울 중랑구
649,의료법인풍산의료재단동부제일병원,인플루엔자,박씨그리프테트라주,"40,000",서울 중랑구
650,의료법인풍산의료재단동부제일병원,인플루엔자,박씨그리프테트라주,"40,000",서울 중랑구
651,의료법인풍산의료재단동부제일병원,"Tdap(파상풍, 디프테리아, 백일해)",부스트릭스프리필드시린지,"45,000",서울 중랑구
652,의료법인풍산의료재단동부제일병원,폐렴구균,프리베나13주,"100,000",서울 중랑구
653,의료법인한전의료재단 한일병원,대상포진,스카이조스터주,"150,000",서울 도봉구
654,의료법인한전의료재단 한일병원,대상포진,조스타박스주,"190,000",서울 도봉구
655,의료법인한전의료재단 한일병원,로타바이러스,로타텍액,"80,000",서울 도봉구
656,의료법인한전의료재단 한일병원,A형간염,박타프리필드 시린지 0.5ml,"50,000",서울 도봉구
657,의료법인한전의료재단 한일병원,A형간염,아박심160U성인용주,"80,000",서울 도봉구
658,의료법인한전의료재단 한일병원,수두,수두박스주,"35,000",서울 도봉구
659,의료법인한전의료재단 한일병원,수막구균,메낙트라주,"130,000",서울 도봉구
660,의료법인한전의료재단 한일병원,수막구균,멘비오,"150,000",서울 도봉구
661,의료법인한전의료재단 한일병원,사람유두종바이러스,가다실9프리필드시린지,"210,000",서울 도봉구
662,의료법인한전의료재단 한일병원,사람유두종바이러스,가다실프리필드시린지,"180,000",서울 도봉구
663,의료법인한전의료재단 한일병원,"Td(파상풍, 디프테리아)",녹십자티디백신프리필드시린지주,"30,000",서울 도봉구
664,의료법인한전의료재단 한일병원,"Tdap(파상풍, 디프테리아, 백일해)",아다셀주,"50,000",서울 도봉구
665,의료법인한전의료재단 한일병원,폐렴구균,프로디악스-23프리필드시린지,"60,000",서울 도봉구
666,이화여자대학교의과대학부속서울병원,대상포진,조스타박스주,"180,000",서울 강서구
667,이화여자대학교의과대학부속서울병원,로타바이러스,로타릭스프리필드,"120,000",서울 강서구
668,이화여자대학교의과대학부속서울병원,A형간염,하브릭스주 1ml,"70,000",서울 강서구
669,이화여자대학교의과대학부속서울병원,A형간염,하브릭스주 0.5ml,"41,000",서울 강서구
670,이화여자대학교의과대학부속서울병원,수두,수두박스주,"33,000",서울 강서구
671,이화여자대학교의과대학부속서울병원,수막구균,멘비오,"130,000",서울 강서구
672,이화여자대학교의과대학부속서울병원,수막구균,메낙트라주,"103,490",서울 강서구
673,이화여자대학교의과대학부속서울병원,사람유두종바이러스,서바릭스프리필드시린지,"130,000",서울 강서구
674,이화여자대학교의과대학부속서울병원,사람유두종바이러스,가다실프리필드시린지,"180,000",서울 강서구
675,이화여자대학교의과대학부속서울병원,사람유두종바이러스,가다실9프리필드시린지,"210,000",서울 강서구
676,이화여자대학교의과대학부속서울병원,인플루엔자,지씨플루쿼드리밸런트프리필드시린지주,"35,000",서울 강서구
677,이화여자대학교의과대학부속서울병원,인플루엔자,보령플루Ⅴ테트라백신주,"30,000",서울 강서구
678,이화여자대학교의과대학부속서울병원,인플루엔자,보령플루Ⅷ테트라백신주,"30,000",서울 강서구
679,이화여자대학교의과대학부속서울병원,장티푸스,지로티프-주,"15,000",서울 강서구
680,이화여자대학교의과대학부속서울병원,"Td(파상풍, 디프테리아)",녹십자티디백신프리필드시린지주,"30,000",서울 강서구
681,이화여자대학교의과대학부속서울병원,"Tdap(파상풍, 디프테리아, 백일해)",아다셀주,"40,000",서울 강서구
682,이화여자대학교의과대학부속서울병원,"Tdap(파상풍, 디프테리아, 백일해)",부스트릭스프리필드시린지,"40,000",서울 강서구
683,이화여자대학교의과대학부속서울병원,폐렴구균,신플로릭스프리필드시린지,"130,000",서울 강서구
684,이화여자대학교의과대학부속서울병원,폐렴구균,프리베나13주,"130,000",서울 강서구
685,이화여자대학교의과대학부속서울병원,폐렴구균,프로디악스-23프리필드시린지,"49,000",서울 강서구
686,인제대학교 상계백병원,대상포진,조스타박스주,"170,000",서울 노원구
687,인제대학교 상계백병원,대상포진,스카이조스터주,"150,000",서울 노원구
688,인제대학교 상계백병원,로타바이러스,로타텍액,"80,000",서울 노원구
689,인제대학교 상계백병원,A형간염,아박심160U성인용주,"70,000",서울 노원구
690,인제대학교 상계백병원,A형간염,하브릭스주 0.5ml,"50,000",서울 노원구
691,인제대학교 상계백병원,A형간염,박타프리필드 시린지 1ml,"70,000",서울 노원구
692,인제대학교 상계백병원,A형간염,아박심80U소아용주,"50,000",서울 노원구
693,인제대학교 상계백병원,A형간염,하브릭스주 1ml,"70,000",서울 노원구
694,인제대학교 상계백병원,A형간염,박타프리필드 시린지 0.5ml,"50,000",서울 노원구
695,인제대학교 상계백병원,수두,수두박스주,"45,000",서울 노원구
696,인제대학교 상계백병원,수막구균,멘비오,"150,000",서울 노원구
697,인제대학교 상계백병원,사람유두종바이러스,가다실9프리필드시린지,"200,000",서울 노원구
698,인제대학교 상계백병원,사람유두종바이러스,가다실프리필드시린지,"180,000",서울 노원구
699,인제대학교 상계백병원,사람유두종바이러스,서바릭스프리필드시린지,"150,000",서울 노원구
700,인제대학교 상계백병원,인플루엔자,스카이셀플루4가프리필드시린지,"40,000",서울 노원구
701,인제대학교 상계백병원,"Td(파상풍, 디프테리아)",티디퓨어주,"30,000",서울 노원구
702,인제대학교 상계백병원,"Tdap(파상풍, 디프테리아, 백일해)",아다셀주,"50,000",서울 노원구
703,인제대학교 상계백병원,"Tdap(파상풍, 디프테리아, 백일해)",부스트릭스프리필드시린지,"50,000",서울 노원구
704,인제대학교 상계백병원,폐렴구균,프로디악스-23프리필드시린지,"40,000",서울 노원구
705,인제대학교 상계백병원,폐렴구균,프리베나13주,"120,000",서울 노원구
706,인제대학교 상계백병원,폐렴구균,신플로릭스프리필드시린지,"100,000",서울 노원구
707,인제대학교 서울백병원,대상포진,조스타박스주,"180,000",서울 중구
708,인제대학교 서울백병원,로타바이러스,로타텍액,"80,000",서울 중구
709,인제대학교 서울백병원,로타바이러스,로타릭스프리필드,"120,000",서울 중구
710,인제대학교 서울백병원,A형간염,하브릭스주 1ml,"80,000",서울 중구
711,인제대학교 서울백병원,A형간염,박타프리필드 시린지 0.5ml,"50,000",서울 중구
712,인제대학교 서울백병원,A형간염,하브릭스주 0.5ml,"40,000",서울 중구
713,인제대학교 서울백병원,A형간염,박타프리필드 시린지 1ml,"60,000",서울 중구
714,인제대학교 서울백병원,A형간염,아박심160U성인용주,"60,000",서울 중구
715,인제대학교 서울백병원,수두,바리-엘백신,"21,000",서울 중구
716,인제대학교 서울백병원,수막구균,멘비오,"150,000",서울 중구
717,인제대학교 서울백병원,사람유두종바이러스,가다실9프리필드시린지,"220,000",서울 중구
718,인제대학교 서울백병원,사람유두종바이러스,서바릭스프리필드시린지,"140,000",서울 중구
719,인제대학교 서울백병원,사람유두종바이러스,가다실프리필드시린지,"180,000",서울 중구
720,인제대학교 서울백병원,인플루엔자,지씨플루쿼드리밸런트프리필드시린지주,"40,000",서울 중구
721,인제대학교 서울백병원,인플루엔자,박씨그리프테트라주,"30,000",서울 중구
722,인제대학교 서울백병원,장티푸스,지로티프-주,"28,500",서울 중구
723,인제대학교 서울백병원,"Td(파상풍, 디프테리아)",녹십자티디백신프리필드시린지주,"31,280",서울 중구
724,인제대학교 서울백병원,"Tdap(파상풍, 디프테리아, 백일해)",아다셀주,"40,000",서울 중구
725,인제대학교 서울백병원,폐렴구균,프리베나13주,"120,000",서울 중구
726,인제대학교 서울백병원,폐렴구균,프로디악스-23프리필드시린지,"45,000",서울 중구
727,차의과학대학교 강남차병원,대상포진,조스타박스주,"160,000",서울 강남구
728,차의과학대학교 강남차병원,로타바이러스,로타텍액,"100,000",서울 강남구
729,차의과학대학교 강남차병원,로타바이러스,로타릭스프리필드,"150,000",서울 강남구
730,차의과학대학교 강남차병원,A형간염,하브릭스주 1ml,"80,000",서울 강남구
731,차의과학대학교 강남차병원,A형간염,박타프리필드 시린지 1ml,"70,000",서울 강남구
732,차의과학대학교 강남차병원,A형간염,아박심160U성인용주,"80,000",서울 강남구
733,차의과학대학교 강남차병원,수막구균,메낙트라주,"150,000",서울 강남구
734,차의과학대학교 강남차병원,수막구균,멘비오,"150,000",서울 강남구
735,차의과학대학교 강남차병원,사람유두종바이러스,서바릭스프리필드시린지,"150,000",서울 강남구
736,차의과학대학교 강남차병원,사람유두종바이러스,가다실프리필드시린지,"170,000",서울 강남구
737,차의과학대학교 강남차병원,사람유두종바이러스,가다실9프리필드시린지,"200,000",서울 강남구
738,차의과학대학교 강남차병원,인플루엔자,박씨그리프테트라주,"35,000",서울 강남구
739,차의과학대학교 강남차병원,인플루엔자,스카이셀플루4가프리필드시린지,"35,000",서울 강남구
740,차의과학대학교 강남차병원,인플루엔자,플루아릭스테트라프리필드시린지,"35,000",서울 강남구
741,차의과학대학교 강남차병원,인플루엔자,스카이셀플루4가프리필드시린지,"35,000",서울 강남구
742,차의과학대학교 강남차병원,장티푸스,지로티프-주,"15,000",서울 강남구
743,차의과학대학교 강남차병원,폐렴구균,프리베나13주,"120,000",서울 강남구
744,한국보훈복지의료공단 중앙보훈병원,대상포진,스카이조스터주,"140,000",서울 강동구
745,한국보훈복지의료공단 중앙보훈병원,로타바이러스,로타릭스프리필드,"70,000",서울 강동구
746,한국보훈복지의료공단 중앙보훈병원,로타바이러스,로타텍액,"80,000",서울 강동구
747,한국보훈복지의료공단 중앙보훈병원,A형간염,박타프리필드 시린지 0.5ml,"30,000",서울 강동구
748,한국보훈복지의료공단 중앙보훈병원,A형간염,박타프리필드 시린지 1ml,"70,000",서울 강동구
749,한국보훈복지의료공단 중앙보훈병원,수두,수두박스주,"30,000",서울 강동구
750,한국보훈복지의료공단 중앙보훈병원,수막구균,멘비오,"130,000",서울 강동구
751,한국보훈복지의료공단 중앙보훈병원,사람유두종바이러스,서바릭스프리필드시린지,"80,000",서울 강동구
752,한국보훈복지의료공단 중앙보훈병원,사람유두종바이러스,가다실프리필드시린지,"120,000",서울 강동구
753,한국보훈복지의료공단 중앙보훈병원,사람유두종바이러스,가다실9프리필드시린지,"180,000",서울 강동구
754,한국보훈복지의료공단 중앙보훈병원,인플루엔자,박씨그리프테트라주,"30,000",서울 강동구
755,한국보훈복지의료공단 중앙보훈병원,"Td(파상풍, 디프테리아)",녹십자티디백신프리필드시린지주,"30,000",서울 강동구
756,한국보훈복지의료공단 중앙보훈병원,"Tdap(파상풍, 디프테리아, 백일해)",부스트릭스프리필드시린지,"40,000",서울 강동구
757,한국보훈복지의료공단 중앙보훈병원,폐렴구균,신플로릭스프리필드시린지,"70,000",서울 강동구
758,한국보훈복지의료공단 중앙보훈병원,폐렴구균,프로디악스-23프리필드시린지,"50,000",서울 강동구
759,한국보훈복지의료공단 중앙보훈병원,폐렴구균,프리베나13주,"90,000",서울 강동구
760,한국원자력의학원원자력병원,대상포진,조스타박스주,"180,000",서울 노원구
761,한국원자력의학원원자력병원,로타바이러스,로타텍액,"100,000",서울 노원구
762,한국원자력의학원원자력병원,로타바이러스,로타릭스프리필드,"120,000",서울 노원구
763,한국원자력의학원원자력병원,A형간염,박타프리필드 시린지 1ml,"75,000",서울 노원구
764,한국원자력의학원원자력병원,A형간염,박타프리필드 시린지 0.5ml,"45,000",서울 노원구
765,한림대학교 강남성심병원,대상포진,조스타박스주,"190,000",서울 영등포구
766,한림대학교 강남성심병원,대상포진,스카이조스터주,"140,000",서울 영등포구
767,한림대학교 강남성심병원,로타바이러스,로타릭스프리필드,"130,000",서울 영등포구
768,한림대학교 강남성심병원,로타바이러스,로타텍액,"100,000",서울 영등포구
769,한림대학교 강남성심병원,A형간염,박타프리필드 시린지 1ml,"60,000",서울 영등포구
770,한림대학교 강남성심병원,A형간염,박타주 0.5ml,"40,000",서울 영등포구
771,한림대학교 강남성심병원,A형간염,박타프리필드 시린지 0.5ml,"40,000",서울 영등포구
772,한림대학교 강남성심병원,수두,수두박스주,"45,000",서울 영등포구
773,한림대학교 강남성심병원,수막구균,멘비오,"150,000",서울 영등포구
774,한림대학교 강남성심병원,사람유두종바이러스,서바릭스프리필드시린지,"150,000",서울 영등포구
775,한림대학교 강남성심병원,사람유두종바이러스,가다실프리필드시린지,"180,000",서울 영등포구
776,한림대학교 강남성심병원,사람유두종바이러스,가다실9프리필드시린지,"210,000",서울 영등포구
777,한림대학교 강남성심병원,인플루엔자,플루아릭스테트라프리필드시린지,"40,000",서울 영등포구
778,한림대학교 강남성심병원,인플루엔자,지씨플루쿼드리밸런트프리필드시린지주,"40,000",서울 영등포구
779,한림대학교 강남성심병원,장티푸스,지로티프-주,"20,000",서울 영등포구
780,한림대학교 강남성심병원,"Td(파상풍, 디프테리아)",에스케이티디백신주,"30,000",서울 영등포구
781,한림대학교 강남성심병원,"Tdap(파상풍, 디프테리아, 백일해)",부스트릭스프리필드시린지,"42,000",서울 영등포구
782,한림대학교 한강성심병원,대상포진,조스타박스주,"190,000",서울 영등포구
783,한림대학교 한강성심병원,로타바이러스,로타텍액,"100,000",서울 영등포구
784,한림대학교 한강성심병원,A형간염,박타프리필드 시린지 1ml,"60,000",서울 영등포구
785,한림대학교 한강성심병원,A형간염,박타주 0.5ml,"40,000",서울 영등포구
786,한림대학교 한강성심병원,수두,수두박스주,"45,000",서울 영등포구
787,한림대학교 한강성심병원,수막구균,멘비오,"150,000",서울 영등포구
788,한림대학교 한강성심병원,사람유두종바이러스,가다실9프리필드시린지,"210,000",서울 영등포구
789,한림대학교 한강성심병원,사람유두종바이러스,가다실프리필드시린지,"180,000",서울 영등포구
790,한림대학교 한강성심병원,인플루엔자,플루아릭스테트라프리필드시린지,"40,000",서울 영등포구
791,한림대학교 한강성심병원,장티푸스,지로티프-주,"20,000",서울 영등포구
792,한림대학교 한강성심병원,"Td(파상풍, 디프테리아)",티디퓨어주,"30,000",서울 영등포구
793,한림대학교 한강성심병원,"Td(파상풍, 디프테리아)",에스케이티디백신주,"30,000",서울 영등포구
794,한림대학교 한강성심병원,"Tdap(파상풍, 디프테리아, 백일해)",부스트릭스프리필드시린지,"42,000",서울 영등포구
795,한림대학교 한강성심병원,폐렴구균,프리베나13주,"130,000",서울 영등포구
796,한림대학교 한강성심병원,폐렴구균,프로디악스-23,"33,000",서울 영등포구
797,혜민병원,대상포진,스카이조스터주,"170,000",서울 광진구
798,혜민병원,대상포진,조스타박스주,"170,000",서울 광진구
799,혜민병원,A형간염,하브릭스주 0.5ml,"40,000",서울 광진구
800,혜민병원,A형간염,박타주 0.5ml,"80,000",서울 광진구
801,혜민병원,수막구균,멘비오,"150,000",서울 광진구
802,혜민병원,사람유두종바이러스,서바릭스프리필드시린지,"140,000",서울 광진구
803,혜민병원,사람유두종바이러스,가다실9프리필드시린지,"190,000",서울 광진구
804,혜민병원,사람유두종바이러스,가다실프리필드시린지,"160,000",서울 광진구
805,혜민병원,"Td(파상풍, 디프테리아)",녹십자티디백신프리필드시린지주,"35,000",서울 광진구
806,혜민병원,폐렴구균,프리베나13주,"120,000",서울 광진구
807,혜민병원,폐렴구균,프로디악스-23,"60,000",서울 광진구
808,홍익병원,대상포진,조스타박스주,"180,000",서울 양천구
809,홍익병원,대상포진,스카이조스터주,"150,000",서울 양천구
810,홍익병원,로타바이러스,로타텍액,"100,000",서울 양천구
811,홍익병원,A형간염,아박심160U성인용주,"70,000",서울 양천구
812,홍익병원,수두,수두박스주,"35,000",서울 양천구
813,홍익병원,수막구균,멘비오,"150,000",서울 양천구
814,홍익병원,사람유두종바이러스,가다실9프리필드시린지,"210,000",서울 양천구
815,홍익병원,사람유두종바이러스,가다실프리필드시린지,"180,000",서울 양천구
816,홍익병원,인플루엔자,박씨그리프테트라주,"35,000",서울 양천구
817,홍익병원,"Tdap(파상풍, 디프테리아, 백일해)",아다셀주,"50,000",서울 양천구
818,홍익병원,"Tdap(파상풍, 디프테리아, 백일해)",부스트릭스프리필드시린지,"50,000",서울 양천구
819,홍익병원,폐렴구균,프리베나13주,"120,000",서울 양천구
820,희명병원,대상포진,스카이조스터주,"150,000",서울 금천구
821,희명병원,A형간염,하브릭스주 1ml,"70,000",서울 금천구
822,희명병원,A형간염,박타프리필드 시린지 1ml,"70,000",서울 금천구
823,희명병원,사람유두종바이러스,가다실프리필드시린지,"180,000",서울 금천구
824,희명병원,사람유두종바이러스,가다실9프리필드시린지,"200,000",서울 금천구
825,희명병원,인플루엔자,스카이셀플루4가프리필드시린지,"35,000",서울 금천구
826,희명병원,인플루엔자,백시플루4가주사액프리필드시린지,"30,000",서울 금천구
827,희명병원,"Tdap(파상풍, 디프테리아, 백일해)",부스트릭스프리필드시린지,"40,000",서울 금천구
828,희명병원,폐렴구균,프리베나13주,"130,000",서울 금천구
829,(本)본브릿지병원,대상포진,스카이조스터주,"140,000",서울 송파구
830,(本)본브릿지병원,A형간염,하브릭스주 1ml,"80,000",서울 송파구
831,(本)본브릿지병원,인플루엔자,스카이셀플루4가프리필드시린지,"32,000",서울 송파구
832,(本)본브릿지병원,"Td(파상풍, 디프테리아)",에스케이티디백신주,"30,000",서울 송파구
833,(本)본브릿지병원,폐렴구균,프리베나13주,"130,000",서울 송파구
834,21세기병원,대상포진,조스타박스주,"180,000",서울 서초구
835,21세기병원,사람유두종바이러스,가다실프리필드시린지,"160,000",서울 서초구
836,21세기병원,사람유두종바이러스,가다실9프리필드시린지,"210,000",서울 서초구
837,21세기병원,폐렴구균,프리베나13주,"130,000",서울 서초구
838,9988병원,대상포진,스카이조스터주,"160,000",서울 성동구
839,9988병원,A형간염,박타프리필드 시린지 1ml,"70,000",서울 성동구
840,9988병원,인플루엔자,스카이셀플루4가프리필드시린지,"40,000",서울 성동구
841,9988병원,"Td(파상풍, 디프테리아)",녹십자티디백신프리필드시린지주,"30,000",서울 성동구
842,9988병원,폐렴구균,프리베나13주,"120,000",서울 성동구
843,가자연세병원,대상포진,조스타박스주,"140,000",서울 서대문구
844,가자연세병원,인플루엔자,보령플루Ⅷ테트라백신주,"30,000",서울 서대문구
845,가자연세병원,폐렴구균,프리베나13주,"130,000",서울 서대문구
846,강남고려병원,대상포진,스카이조스터주,"140,000",서울 관악구
847,강남고려병원,대상포진,조스타박스주,"140,000",서울 관악구
848,강남고려병원,A형간염,박타프리필드 시린지 1ml,"100,000",서울 관악구
849,강남고려병원,인플루엔자,코박스인플루4가PF주,"23,000",서울 관악구
850,강남고려병원,"Td(파상풍, 디프테리아)",디티부스터에스에스아이주,"30,000",서울 관악구
851,강남고려병원,폐렴구균,프리베나13주,"90,000",서울 관악구
852,강남베드로병원,대상포진,조스타박스주,"190,000",서울 강남구
853,강남베드로병원,A형간염,박타프리필드 시린지 1ml,"80,000",서울 강남구
854,강남베드로병원,사람유두종바이러스,가다실프리필드시린지,"150,000",서울 강남구
855,강남베드로병원,인플루엔자,지씨플루쿼드리밸런트프리필드시린지주,"40,000",서울 강남구
856,강남베드로병원,"Tdap(파상풍, 디프테리아, 백일해)",부스트릭스프리필드시린지,"50,000",서울 강남구
857,강남수병원,대상포진,스카이조스터주,"180,000",서울 송파구
858,강남수병원,인플루엔자,지씨플루쿼드리밸런트프리필드시린지주,"40,000",서울 송파구
859,강남와이케이병원,대상포진,스카이조스터주,"180,000",서울 강남구
860,강남와이케이병원,A형간염,하브릭스주 1ml,"90,000",서울 강남구
861,강남와이케이병원,폐렴구균,프리베나13주,"150,000",서울 강남구
862,강남유나이티드병원,대상포진,스카이조스터주,"160,000",서울 강남구
863,강남유나이티드병원,A형간염,박타프리필드 시린지 1ml,"100,000",서울 강남구
864,강남을지대학교병원,대상포진,조스타박스주,"190,000",서울 강남구
865,강남을지대학교병원,A형간염,박타프리필드 시린지 1ml,"66,000",서울 강남구
866,강남지인병원,대상포진,스카이조스터주,"190,000",서울 강남구
867,강남지인병원,A형간염,하브릭스주 1ml,"80,000",서울 강남구
868,강남지인병원,A형간염,박타프리필드 시린지 1ml,"80,000",서울 강남구
869,강남지인병원,A형간염,아박심160U성인용주,"80,000",서울 강남구
870,강남지인병원,사람유두종바이러스,가다실9프리필드시린지,"190,000",서울 강남구
871,강남지인병원,인플루엔자,테라텍트프리필드시린지주,"40,000",서울 강남구
872,강남지인병원,폐렴구균,프리베나13주,"150,000",서울 강남구
873,강남힘찬병원,대상포진,조스타박스주,"190,000",서울 송파구
874,강남힘찬병원,인플루엔자,테라텍트프리필드시린지주,"33,000",서울 송파구
875,강남힘찬병원,"Td(파상풍, 디프테리아)",녹십자티디백신프리필드시린지주,"30,000",서울 송파구
876,강남힘찬병원,폐렴구균,프리베나13주,"130,000",서울 송파구
877,강동미즈여성병원,대상포진,조스타박스주,"180,000",서울 강동구
878,강동미즈여성병원,로타바이러스,로타텍액,"80,000",서울 강동구
879,강동미즈여성병원,로타바이러스,로타릭스프리필드,"120,000",서울 강동구
880,강동미즈여성병원,A형간염,하브릭스주 1ml,"80,000",서울 강동구
881,강동미즈여성병원,A형간염,하브릭스주 0.5ml,"50,000",서울 강동구
882,강동미즈여성병원,수막구균,멘비오,"150,000",서울 강동구
883,강동미즈여성병원,사람유두종바이러스,서바릭스프리필드시린지,"150,000",서울 강동구
884,강동미즈여성병원,사람유두종바이러스,가다실9프리필드시린지,"210,000",서울 강동구
885,강동미즈여성병원,사람유두종바이러스,가다실프리필드시린지,"180,000",서울 강동구
886,강동미즈여성병원,"Tdap(파상풍, 디프테리아, 백일해)",부스트릭스프리필드시린지,"50,000",서울 강동구
887,강동미즈여성병원,폐렴구균,프리베나13주,"150,000",서울 강동구
888,강동미즈여성병원,폐렴구균,신플로릭스프리필드시린지,"130,000",서울 강동구
889,강동연세병원,대상포진,조스타박스주,"180,000",서울 강동구
890,강동연세병원,A형간염,하브릭스주 1ml,"80,000",서울 강동구
891,강동연세병원,인플루엔자,지씨플루쿼드리밸런트프리필드시린지주,"35,000",서울 강동구
892,강동연세병원,"Td(파상풍, 디프테리아)",티디퓨어주,"30,000",서울 강동구
893,강동연세병원,폐렴구균,프리베나13주,"140,000",서울 강동구
894,강북21세기병원,대상포진,스카이조스터주,"150,000",서울 중랑구
895,강북21세기병원,A형간염,아박심160U성인용주,"75,000",서울 중랑구
896,강북21세기병원,수막구균,멘비오,"130,000",서울 중랑구
897,강북21세기병원,사람유두종바이러스,가다실9프리필드시린지,"200,000",서울 중랑구
898,강북21세기병원,"Tdap(파상풍, 디프테리아, 백일해)",부스트릭스프리필드시린지,"70,000",서울 중랑구
899,강북21세기병원,폐렴구균,프리베나13주,"130,000",서울 중랑구
900,강북우리들병원,대상포진,조스타박스주,"160,000",서울 강북구
901,강북우리들병원,대상포진,스카이조스터주,"100,000",서울 강북구
902,강북우리들병원,A형간염,하브릭스주 1ml,"50,000",서울 강북구
903,강북우리들병원,사람유두종바이러스,가다실9프리필드시린지,"175,000",서울 강북구
904,강북우리들병원,인플루엔자,스카이셀플루4가프리필드시린지,"30,000",서울 강북구
905,강북우리들병원,폐렴구균,프리베나13주,"90,000",서울 강북구
906,강북으뜸병원,대상포진,스카이조스터주,"130,000",서울 강북구
907,강북으뜸병원,"Td(파상풍, 디프테리아)",녹십자티디백신프리필드시린지주,"30,000",서울 강북구
908,강북으뜸병원,폐렴구균,프리베나13주,"150,000",서울 강북구
909,강서바른세상병원,인플루엔자,스카이셀플루4가프리필드시린지,"35,000",서울 강서구
910,강서바른세상병원,인플루엔자,박씨그리프테트라주,"35,000",서울 강서구
911,강서송도병원,대상포진,조스타박스주,"180,000",서울 강서구
912,강서송도병원,A형간염,박타주 0.5ml,"80,000",서울 강서구
913,강서송도병원,A형간염,아박심160U성인용주,"80,000",서울 강서구
914,강서송도병원,사람유두종바이러스,가다실9프리필드시린지,"210,000",서울 강서구
915,강서송도병원,인플루엔자,박씨그리프테트라주,"35,000",서울 강서구
916,강서송도병원,"Td(파상풍, 디프테리아)",에스케이티디백신주,"40,000",서울 강서구
917,강서송도병원,"Tdap(파상풍, 디프테리아, 백일해)",아다셀주,"50,000",서울 강서구
918,강서송도병원,폐렴구균,프리베나13주,"120,000",서울 강서구
919,강서힘찬병원,대상포진,조스타박스주,"180,000",서울 강서구
920,강서힘찬병원,A형간염,하브릭스주 1ml,"70,000",서울 강서구
921,강서힘찬병원,A형간염,아박심160U성인용주,"80,000",서울 강서구
922,강서힘찬병원,A형간염,박타프리필드 시린지 1ml,"80,000",서울 강서구
923,강서힘찬병원,사람유두종바이러스,서바릭스프리필드시린지,"150,000",서울 강서구
924,강서힘찬병원,사람유두종바이러스,가다실프리필드시린지,"85,000",서울 강서구
925,강서힘찬병원,인플루엔자,스카이셀플루4가프리필드시린지,"35,000",서울 강서구
926,강서힘찬병원,"Td(파상풍, 디프테리아)",에스케이티디백신주,"30,000",서울 강서구
927,강서힘찬병원,"Tdap(파상풍, 디프테리아, 백일해)",부스트릭스프리필드시린지,"50,000",서울 강서구
928,강서힘찬병원,폐렴구균,프리베나13주,"130,000",서울 강서구
929,건양의료재단 김안과병원,대상포진,스카이조스터주,"140,000",서울 영등포구
930,건양의료재단 김안과병원,A형간염,아박심160U성인용주,"70,000",서울 영등포구
931,건양의료재단 김안과병원,인플루엔자,스카이셀플루4가프리필드시린지,"35,000",서울 영등포구
932,건양의료재단 김안과병원,인플루엔자,지씨플루쿼드리밸런트프리필드시린지주,"35,000",서울 영등포구
933,건양의료재단 김안과병원,인플루엔자,박씨그리프테트라주,"35,000",서울 영등포구
934,건양의료재단 김안과병원,인플루엔자,보령플루Ⅷ테트라백신주,"35,000",서울 영등포구
935,건양의료재단 김안과병원,"Td(파상풍, 디프테리아)",에스케이티디백신주,"30,000",서울 영등포구
936,건양의료재단 김안과병원,"Td(파상풍, 디프테리아)",녹십자티디백신프리필드시린지주,"30,000",서울 영등포구
937,건양의료재단 김안과병원,폐렴구균,프리베나13주,"120,000",서울 영등포구
938,고도일병원,대상포진,스카이조스터주,"150,000",서울 서초구
939,고도일병원,인플루엔자,지씨플루쿼드리밸런트프리필드시린지주,"40,000",서울 서초구
940,고도일병원,폐렴구균,프리베나13주,"150,000",서울 서초구
941,고은빛여성병원,대상포진,조스타박스주,"180,000",서울 강동구
942,고은빛여성병원,A형간염,하브릭스주 1ml,"80,000",서울 강동구
943,고은빛여성병원,사람유두종바이러스,가다실프리필드시린지,"180,000",서울 강동구
944,고은빛여성병원,사람유두종바이러스,가다실9프리필드시린지,"210,000",서울 강동구
945,고은빛여성병원,인플루엔자,박씨그리프테트라주,"40,000",서울 강동구
946,고은빛여성병원,"Tdap(파상풍, 디프테리아, 백일해)",부스트릭스프리필드시린지,"50,000",서울 강동구
947,광혜병원,대상포진,조스타박스주,"190,000",서울 강남구
948,광혜병원,A형간염,하브릭스주 1ml,"60,000",서울 강남구
949,기쁨병원,대상포진,스카이조스터주,"150,000",서울 서초구
950,기쁨병원,A형간염,박타프리필드 시린지 1ml,"80,000",서울 서초구
951,기쁨병원,사람유두종바이러스,가다실프리필드시린지,"170,000",서울 서초구
952,기쁨병원,사람유두종바이러스,가다실9프리필드시린지,"200,000",서울 서초구
953,기쁨병원,인플루엔자,스카이셀플루4가프리필드시린지,"40,000",서울 서초구
954,기쁨병원,"Td(파상풍, 디프테리아)",녹십자티디백신프리필드시린지주,"33,000",서울 서초구
955,기쁨병원,"Tdap(파상풍, 디프테리아, 백일해)",부스트릭스프리필드시린지,"50,000",서울 서초구
956,기쁨병원,폐렴구균,프리베나13주,"150,000",서울 서초구
957,나누리병원,대상포진,조스타박스주,"190,000",서울 강남구
958,나누리병원,A형간염,박타프리필드 시린지 1ml,"70,000",서울 강남구
959,나누리병원,A형간염,하브릭스주 1ml,"70,000",서울 강남구
960,나누리병원,사람유두종바이러스,가다실프리필드시린지,"170,000",서울 강남구
961,나누리병원,인플루엔자,스카이셀플루4가프리필드시린지,"30,000",서울 강남구
962,나누리병원,"Td(파상풍, 디프테리아)",에스케이티디백신주,"30,000",서울 강남구
963,나누리병원,폐렴구균,프리베나13주,"150,000",서울 강남구
964,남기세병원,대상포진,조스타박스주,"150,000",서울 강동구
965,남기세병원,인플루엔자,플루아릭스테트라프리필드시린지,"30,000",서울 강동구
966,남기세병원,인플루엔자,지씨플루쿼드리밸런트프리필드시린지주,"30,000",서울 강동구
967,남기세병원,폐렴구균,프리베나13주,"100,000",서울 강동구
968,누네안과병원,인플루엔자,보령플루Ⅷ테트라백신주,"40,000",서울 강남구
969,늘찬병원,대상포진,조스타박스주,"150,000",서울 중랑구
970,늘찬병원,A형간염,아박심160U성인용주,"70,000",서울 중랑구
971,늘찬병원,사람유두종바이러스,가다실프리필드시린지,"180,000",서울 중랑구
972,늘찬병원,인플루엔자,지씨플루쿼드리밸런트프리필드시린지주,"35,000",서울 중랑구
973,늘찬병원,폐렴구균,프리베나13주,"130,000",서울 중랑구
974,달려라병원,대상포진,조스타박스주,"165,000",서울 강동구
975,달려라병원,A형간염,아박심160U성인용주,"80,000",서울 강동구
976,달려라병원,A형간염,하브릭스주 1ml,"80,000",서울 강동구
977,달려라병원,사람유두종바이러스,가다실9프리필드시린지,"180,000",서울 강동구
978,달려라병원,인플루엔자,보령플루Ⅷ테트라백신주,"35,000",서울 강동구
979,달려라병원,"Td(파상풍, 디프테리아)",디티부스터에스에스아이주,"30,000",서울 강동구
980,달려라병원,폐렴구균,프리베나13주,"120,000",서울 강동구
981,대항병원,대상포진,조스타박스주,"170,000",서울 서초구
982,대항병원,대상포진,스카이조스터주,"170,000",서울 서초구
983,대항병원,A형간염,아박심160U성인용주,"80,000",서울 서초구
984,대항병원,A형간염,박타프리필드 시린지 1ml,"80,000",서울 서초구
985,대항병원,A형간염,하브릭스주 1ml,"80,000",서울 서초구
986,대항병원,인플루엔자,박씨그리프테트라주,"40,000",서울 서초구
987,대항병원,인플루엔자,스카이셀플루4가프리필드시린지,"40,000",서울 서초구
988,대항병원,"Tdap(파상풍, 디프테리아, 백일해)",아다셀주,"50,000",서울 서초구
989,대항병원,폐렴구균,프리베나13주,"130,000",서울 서초구
990,더본병원,대상포진,스카이조스터주,"190,000",서울 동작구
991,더본병원,A형간염,하브릭스주 0.5ml,"70,000",서울 동작구
992,더본병원,인플루엔자,스카이셀플루4가프리필드시린지,"25,000",서울 동작구
993,더본병원,폐렴구균,프리베나13주,"140,000",서울 동작구
994,더서울병원,대상포진,조스타박스주,"190,000",서울 성북구
995,더서울병원,A형간염,박타프리필드 시린지 1ml,"70,000",서울 성북구
996,더서울병원,폐렴구균,프리베나13주,"140,000",서울 성북구
997,더와이즈황병원,대상포진,조스타박스주,"170,000",서울 강서구
998,더와이즈황병원,로타바이러스,로타텍액,"100,000",서울 강서구
999,더와이즈황병원,로타바이러스,로타릭스프리필드,"130,000",서울 강서구
1000,더와이즈황병원,A형간염,아박심160U성인용주,"80,000",서울 강서구
1001,더와이즈황병원,A형간염,박타프리필드 시린지 1ml,"80,000",서울 강서구
1002,더와이즈황병원,A형간염,박타주 0.5ml,"50,000",서울 강서구
1003,더와이즈황병원,수막구균,메낙트라주,"150,000",서울 강서구
1004,더와이즈황병원,수막구균,멘비오,"150,000",서울 강서구
1005,더와이즈황병원,사람유두종바이러스,서바릭스프리필드시린지,"150,000",서울 강서구
1006,더와이즈황병원,사람유두종바이러스,가다실9프리필드시린지,"210,000",서울 강서구
1007,더와이즈황병원,인플루엔자,코박스플루4가PF주,"40,000",서울 강서구
1008,더와이즈황병원,"Tdap(파상풍, 디프테리아, 백일해)",부스트릭스프리필드시린지,"50,000",서울 강서구
1009,더와이즈황병원,폐렴구균,프리베나13주,"130,000",서울 강서구
1010,디앤에프병원,대상포진,조스타박스주,"150,000",서울 중랑구
1011,디앤에프병원,인플루엔자,플루아릭스테트라프리필드시린지,"39,000",서울 중랑구
1012,디앤에프병원,"Td(파상풍, 디프테리아)",티디퓨어주,"30,000",서울 중랑구
1013,디앤에프병원,폐렴구균,프리베나13주,"150,000",서울 중랑구
1014,라온휴병원,대상포진,스카이조스터주,"140,000",서울 양천구
1015,러스크서울병원,대상포진,조스타박스주,"170,000",서울 중랑구
1016,러스크서울병원,인플루엔자,박씨그리프테트라주,"40,000",서울 중랑구
1017,러스크서울병원,인플루엔자,스카이셀플루4가프리필드시린지,"40,000",서울 중랑구
1018,러스크서울병원,폐렴구균,프리베나13주,"150,000",서울 중랑구
1019,로이병원,대상포진,조스타박스주,"180,000",서울 종로구
1020,로이병원,A형간염,박타주 0.5ml,"90,000",서울 종로구
1021,로이병원,인플루엔자,코박스인플루4가PF주,"40,000",서울 종로구
1022,로이병원,인플루엔자,코박스플루4가PF주,"40,000",서울 종로구
1023,로이병원,폐렴구균,프리베나13주,"140,000",서울 종로구
1024,리더스병원,대상포진,조스타박스주,"170,000",서울 강동구
1025,리더스병원,A형간염,아박심160U성인용주,"80,000",서울 강동구
1026,리더스병원,인플루엔자,지씨플루쿼드리밸런트프리필드시린지주,"30,000",서울 강동구
1027,리더스병원,"Td(파상풍, 디프테리아)",녹십자티디백신프리필드시린지주,"35,000",서울 강동구
1028,리더스병원,폐렴구균,프리베나13주,"150,000",서울 강동구
1029,리드힐병원,대상포진,조스타박스주,"150,000",서울 은평구
1030,리드힐병원,A형간염,아박심160U성인용주,"80,000",서울 은평구
1031,리드힐병원,"Tdap(파상풍, 디프테리아, 백일해)",부스트릭스프리필드시린지,"50,000",서울 은평구
1032,리드힐병원,폐렴구균,프리베나13주,"120,000",서울 은평구
1033,리본병원,A형간염,하브릭스주 1ml,"80,000",서울 구로구
1034,마디병원,인플루엔자,스카이셀플루4가프리필드시린지,"40,000",서울 강남구
1035,마디세상병원,대상포진,조스타박스주,"180,000",서울 중랑구
1036,마디세상병원,A형간염,아박심160U성인용주,"75,000",서울 중랑구
1037,마디세상병원,인플루엔자,코박스인플루4가PF주,"35,000",서울 중랑구
1038,마디세상병원,"Td(파상풍, 디프테리아)",녹십자티디백신프리필드시린지주,"30,000",서울 중랑구
1039,마디세상병원,폐렴구균,프리베나13주,"140,000",서울 중랑구
1040,맑은수병원,대상포진,조스타박스주,"190,000",서울 동대문구
1041,맑은수병원,A형간염,박타프리필드 시린지 1ml,"90,000",서울 동대문구
1042,맑은수병원,인플루엔자,지씨플루쿼드리밸런트프리필드시린지주,"35,000",서울 동대문구
1043,맑은수병원,인플루엔자,스카이셀플루4가프리필드시린지,"35,000",서울 동대문구
1044,메드렉스병원,대상포진,스카이조스터주,"190,000",서울 강남구
1045,메드렉스병원,A형간염,박타프리필드 시린지 1ml,"70,000",서울 강남구
1046,메드렉스병원,"Td(파상풍, 디프테리아)",에스케이티디백신주,"35,000",서울 강남구
1047,메드렉스병원,폐렴구균,프리베나13주,"150,000",서울 강남구
1048,메디아이여성병원,A형간염,박타주 0.5ml,"80,000",서울 노원구
1049,메디아이여성병원,사람유두종바이러스,가다실9프리필드시린지,"210,000",서울 노원구
1050,메디아이여성병원,인플루엔자,스카이셀플루4가프리필드시린지,"40,000",서울 노원구
1051,메디아이여성병원,"Tdap(파상풍, 디프테리아, 백일해)",부스트릭스프리필드시린지,"50,000",서울 노원구
1052,메디힐병원,대상포진,조스타박스주,"150,000",서울 양천구
1053,메디힐병원,A형간염,하브릭스주 1ml,"80,000",서울 양천구
1054,메디힐병원,A형간염,아박심80U소아용주,"50,000",서울 양천구
1055,메디힐병원,A형간염,아박심160U성인용주,"80,000",서울 양천구
1056,메디힐병원,"Td(파상풍, 디프테리아)",티디퓨어주,"40,000",서울 양천구
1057,메디힐병원,"Tdap(파상풍, 디프테리아, 백일해)",아다셀주,"50,000",서울 양천구
1058,메디힐병원,폐렴구균,프리베나13주,"120,000",서울 양천구
1059,메디힐병원,폐렴구균,프로디악스-23,"40,000",서울 양천구
1060,목동제일여성병원,로타바이러스,로타텍액,"100,000",서울 양천구
1061,목동제일여성병원,A형간염,아박심80U소아용주,"50,000",서울 양천구
1062,목동제일여성병원,A형간염,아박심160U성인용주,"80,000",서울 양천구
1063,목동제일여성병원,수두,바리-엘백신,"35,000",서울 양천구
1064,목동제일여성병원,수두,수두박스주,"35,000",서울 양천구
1065,목동제일여성병원,수막구균,멘비오,"150,000",서울 양천구
1066,목동제일여성병원,사람유두종바이러스,서바릭스프리필드시린지,"150,000",서울 양천구
1067,목동제일여성병원,사람유두종바이러스,가다실프리필드시린지,"180,000",서울 양천구
1068,목동제일여성병원,사람유두종바이러스,가다실9프리필드시린지,"210,000",서울 양천구
1069,목동제일여성병원,인플루엔자,스카이셀플루4가프리필드시린지,"35,000",서울 양천구
1070,목동제일여성병원,"Td(파상풍, 디프테리아)",에스케이티디백신주,"30,000",서울 양천구
1071,목동제일여성병원,"Tdap(파상풍, 디프테리아, 백일해)",부스트릭스프리필드시린지,"50,000",서울 양천구
1072,목동제일여성병원,폐렴구균,신플로릭스프리필드시린지,"100,000",서울 양천구
1073,목동힘찬병원,대상포진,조스타박스주,"190,000",서울 양천구
1074,목동힘찬병원,대상포진,스카이조스터주,"150,000",서울 양천구
1075,목동힘찬병원,A형간염,하브릭스주 1ml,"70,000",서울 양천구
1076,목동힘찬병원,사람유두종바이러스,서바릭스프리필드시린지,"150,000",서울 양천구
1077,목동힘찬병원,인플루엔자,스카이셀플루4가프리필드시린지,"40,000",서울 양천구
1078,목동힘찬병원,"Td(파상풍, 디프테리아)",에스케이티디백신주,"30,000",서울 양천구
1079,목동힘찬병원,"Tdap(파상풍, 디프테리아, 백일해)",아다셀주,"50,000",서울 양천구
1080,목동힘찬병원,폐렴구균,프리베나13주,"130,000",서울 양천구
1081,미래드림여성병원,대상포진,스카이조스터주,"180,000",서울 관악구
1082,미래드림여성병원,A형간염,박타프리필드 시린지 1ml,"80,000",서울 관악구
1083,미래드림여성병원,A형간염,박타프리필드 시린지 0.5ml,"50,000",서울 관악구
1084,민병원,대상포진,조스타박스주,"130,000",서울 강북구
1085,민병원,A형간염,아박심160U성인용주,"75,000",서울 강북구
1086,민병원,사람유두종바이러스,가다실9프리필드시린지,"200,000",서울 강북구
1087,민병원,인플루엔자,지씨플루쿼드리밸런트프리필드시린지주,"25,000",서울 강북구
1088,민병원,"Td(파상풍, 디프테리아)",녹십자티디백신프리필드시린지주,"30,000",서울 강북구
1089,민병원,폐렴구균,프리베나13주,"150,000",서울 강북구
1090,민트병원,대상포진,조스타박스주,"170,000",서울 송파구
1091,민트병원,A형간염,하브릭스주 1ml,"80,000",서울 송파구
1092,민트병원,인플루엔자,플루아릭스테트라프리필드시린지,"25,000",서울 송파구
1093,민트병원,"Tdap(파상풍, 디프테리아, 백일해)",부스트릭스프리필드시린지,"30,000",서울 송파구
1094,민트병원,폐렴구균,프리베나13주,"100,000",서울 송파구
1095,바로선병원,대상포진,조스타박스주,"190,000",서울 도봉구
1096,바로선병원,A형간염,박타프리필드 시린지 1ml,"80,000",서울 도봉구
1097,바로선병원,인플루엔자,지씨플루쿼드리밸런트프리필드시린지주,"35,000",서울 도봉구
1098,바로선병원,인플루엔자,박씨그리프테트라주,"35,000",서울 도봉구
1099,바로선병원,"Td(파상풍, 디프테리아)",티디퓨어주,"30,000",서울 도봉구
1100,바로선병원,"Tdap(파상풍, 디프테리아, 백일해)",아다셀주,"50,000",서울 도봉구
1101,바로선병원,폐렴구균,프리베나13주,"130,000",서울 도봉구
1102,바로선병원,폐렴구균,프로디악스-23,"40,000",서울 도봉구
1103,바른본병원,인플루엔자,지씨플루쿼드리밸런트프리필드시린지주,"35,000",서울 광진구
1104,바른본병원,"Td(파상풍, 디프테리아)",디티부스터에스에스아이주,"35,000",서울 광진구
1105,반도정형외과병원,대상포진,조스타박스주,"170,000",서울 중구
1106,방병원,대상포진,스카이조스터주,"160,000",서울 노원구
1107,방병원,A형간염,박타프리필드 시린지 1ml,"80,000",서울 노원구
1108,방병원,인플루엔자,지씨플루쿼드리밸런트프리필드시린지주,"40,000",서울 노원구
1109,방병원,인플루엔자,보령플루Ⅷ테트라백신주,"40,000",서울 노원구
1110,방병원,인플루엔자,보령플루Ⅷ테트라백신주,"40,000",서울 노원구
1111,방병원,"Td(파상풍, 디프테리아)",티디퓨어주,"40,000",서울 노원구
1112,방병원,폐렴구균,프리베나13주,"120,000",서울 노원구
1113,본서부병원,대상포진,스카이조스터주,"150,000",서울 은평구
1114,본서부병원,A형간염,박타프리필드 시린지 1ml,"80,000",서울 은평구
1115,본서부병원,인플루엔자,테라텍트프리필드시린지주,"30,000",서울 은평구
1116,본서부병원,"Td(파상풍, 디프테리아)",녹십자티디백신프리필드시린지주,"30,000",서울 은평구
1117,본서부병원,폐렴구균,프리베나13주,"150,000",서울 은평구
1118,비에비스나무병원,대상포진,조스타박스주,"180,000",서울 강남구
1119,비에비스나무병원,A형간염,하브릭스주 1ml,"80,000",서울 강남구
1120,비에비스나무병원,A형간염,아박심160U성인용주,"80,000",서울 강남구
1121,비에비스나무병원,수막구균,멘비오,"150,000",서울 강남구
1122,비에비스나무병원,사람유두종바이러스,가다실9프리필드시린지,"210,000",서울 강남구
1123,비에비스나무병원,사람유두종바이러스,가다실프리필드시린지,"180,000",서울 강남구
1124,비에비스나무병원,인플루엔자,지씨플루쿼드리밸런트프리필드시린지주,"30,000",서울 강남구
1125,비에비스나무병원,인플루엔자,플루아릭스테트라프리필드시린지,"40,000",서울 강남구
1126,비에비스나무병원,인플루엔자,비알플루텍I테트라백신주,"40,000",서울 강남구
1127,비에비스나무병원,"Td(파상풍, 디프테리아)",에스케이티디백신주,"30,000",서울 강남구
1128,비에비스나무병원,"Tdap(파상풍, 디프테리아, 백일해)",부스트릭스프리필드시린지,"40,000",서울 강남구
1129,비에비스나무병원,폐렴구균,프리베나13주,"130,000",서울 강남구
1130,빠른병원,대상포진,스카이조스터주,"150,000",서울 송파구
1131,빠른병원,A형간염,박타주 0.5ml,"80,000",서울 송파구
1132,빠른병원,인플루엔자,스카이셀플루4가프리필드시린지,"30,000",서울 송파구
1133,빠른병원,"Tdap(파상풍, 디프테리아, 백일해)",아다셀주,"60,000",서울 송파구
1134,빠른병원,폐렴구균,프리베나13주,"130,000",서울 송파구
1135,사랑플러스병원,대상포진,조스타박스주,"180,000",서울 강동구
1136,사랑플러스병원,대상포진,스카이조스터주,"110,000",서울 강동구
1137,사랑플러스병원,A형간염,아박심160U성인용주,"70,000",서울 강동구
1138,사랑플러스병원,A형간염,하브릭스주 1ml,"70,000",서울 강동구
1139,사랑플러스병원,사람유두종바이러스,가다실프리필드시린지,"180,000",서울 강동구
1140,사랑플러스병원,사람유두종바이러스,가다실9프리필드시린지,"220,000",서울 강동구
1141,사랑플러스병원,인플루엔자,백시플루4가주사액프리필드시린지,"35,000",서울 강동구
1142,사랑플러스병원,"Td(파상풍, 디프테리아)",디티부스터에스에스아이주,"35,000",서울 강동구
1143,사랑플러스병원,"Tdap(파상풍, 디프테리아, 백일해)",부스트릭스프리필드시린지,"45,000",서울 강동구
1144,사랑플러스병원,폐렴구균,프리베나13주,"130,000",서울 강동구
1145,삼성미래여성병원,대상포진,조스타박스주,"190,000",서울 구로구
1146,삼성미래여성병원,로타바이러스,로타텍액,"80,000",서울 구로구
1147,삼성미래여성병원,A형간염,하브릭스주 1ml,"80,000",서울 구로구
1148,삼성미래여성병원,A형간염,하브릭스주 0.5ml,"50,000",서울 구로구
1149,삼성미래여성병원,A형간염,박타주 0.5ml,"80,000",서울 구로구
1150,삼성미래여성병원,A형간염,박타주 0.5ml,"80,000",서울 구로구
1151,삼성미래여성병원,수두,바리-엘백신,"35,000",서울 구로구
1152,삼성미래여성병원,수막구균,멘비오,"150,000",서울 구로구
1153,삼성미래여성병원,사람유두종바이러스,서바릭스프리필드시린지,"150,000",서울 구로구
1154,삼성미래여성병원,사람유두종바이러스,가다실9프리필드시린지,"210,000",서울 구로구
1155,삼성미래여성병원,사람유두종바이러스,가다실프리필드시린지,"180,000",서울 구로구
1156,삼성미래여성병원,인플루엔자,보령플루Ⅷ테트라백신주,"35,000",서울 구로구
1157,삼성미래여성병원,인플루엔자,박씨그리프테트라주,"35,000",서울 구로구
1158,삼성미래여성병원,인플루엔자,보령플루Ⅴ테트라백신주,"35,000",서울 구로구
1159,삼성미래여성병원,인플루엔자,지씨플루쿼드리밸런트프리필드시린지주,"35,000",서울 구로구
1160,삼성미래여성병원,인플루엔자,지씨플루쿼드리밸런트프리필드시린지주,"35,000",서울 구로구
1161,삼성미래여성병원,"Tdap(파상풍, 디프테리아, 백일해)",부스트릭스프리필드시린지,"50,000",서울 구로구
1162,삼성미래여성병원,폐렴구균,프리베나13주,"120,000",서울 구로구
1163,새길병원,대상포진,스카이조스터주,"130,000",서울 영등포구
1164,새길병원,A형간염,아박심160U성인용주,"65,000",서울 영등포구
1165,새길병원,A형간염,하브릭스주 1ml,"65,000",서울 영등포구
1166,새길병원,A형간염,박타프리필드 시린지 1ml,"65,000",서울 영등포구
1167,새길병원,인플루엔자,플루아릭스테트라프리필드시린지,"27,000",서울 영등포구
1168,새길병원,인플루엔자,스카이셀플루4가프리필드시린지,"27,000",서울 영등포구
1169,새길병원,인플루엔자,박씨그리프테트라주,"30,000",서울 영등포구
1170,새길병원,인플루엔자,스카이셀플루4가프리필드시린지,"27,000",서울 영등포구
1171,새길병원,인플루엔자,박씨그리프테트라주,"30,000",서울 영등포구
1172,새길병원,폐렴구균,프리베나13주,"100,000",서울 영등포구
1173,새숨병원,대상포진,조스타박스주,"150,000",서울 송파구
1174,새숨병원,A형간염,박타프리필드 시린지 1ml,"80,000",서울 송파구
1175,새숨병원,"Tdap(파상풍, 디프테리아, 백일해)",부스트릭스프리필드시린지,"40,000",서울 송파구
1176,새숨병원,폐렴구균,프리베나13주,"120,000",서울 송파구
1177,새움병원,대상포진,조스타박스주,"170,000",서울 금천구
1178,새움병원,인플루엔자,지씨플루쿼드리밸런트프리필드시린지주,"35,000",서울 금천구
1179,새움병원,인플루엔자,플루아릭스테트라프리필드시린지,"35,000",서울 금천구
1180,새움병원,인플루엔자,코박스인플루4가PF주,"35,000",서울 금천구
1181,새움병원,인플루엔자,플루아릭스테트라프리필드시린지,"35,000",서울 금천구
1182,새움병원,"Td(파상풍, 디프테리아)",녹십자티디백신프리필드시린지주,"30,000",서울 금천구
1183,새움병원,폐렴구균,프리베나13주,"150,000",서울 금천구
1184,서울나은병원,대상포진,조스타박스주,"180,000",서울 동대문구
1185,서울나은병원,대상포진,스카이조스터주,"180,000",서울 동대문구
1186,서울나은병원,A형간염,하브릭스주 1ml,"70,000",서울 동대문구
1187,서울나은병원,폐렴구균,프리베나13주,"100,000",서울 동대문구
1188,서울노보스병원,대상포진,조스타박스주,"160,000",서울 도봉구
1189,서울노보스병원,A형간염,하브릭스주 1ml,"80,000",서울 도봉구
1190,서울노보스병원,폐렴구균,프리베나13주,"140,000",서울 도봉구
1191,서울대효병원,대상포진,조스타박스주,"180,000",서울 강서구
1192,서울대효병원,A형간염,하브릭스주 1ml,"70,000",서울 강서구
1193,서울대효병원,인플루엔자,지씨플루쿼드리밸런트프리필드시린지주,"35,000",서울 강서구
1194,서울대효병원,폐렴구균,프리베나13주,"150,000",서울 강서구
1195,서울라본병원,대상포진,조스타박스주,"170,000",서울 중랑구
1196,서울라본병원,폐렴구균,프로디악스-23,"50,000",서울 중랑구
1197,서울라본병원,폐렴구균,프리베나13주,"95,000",서울 중랑구
1198,서울바른병원,대상포진,조스타박스주,"190,000",서울 영등포구
1199,서울바른병원,A형간염,박타프리필드 시린지 1ml,"70,000",서울 영등포구
1200,서울바른병원,A형간염,하브릭스주 1ml,"70,000",서울 영등포구
1201,서울바른병원,"Td(파상풍, 디프테리아)",녹십자티디백신프리필드시린지주,"30,000",서울 영등포구
1202,서울바른병원,폐렴구균,프리베나13주,"130,000",서울 영등포구
1203,서울바른세상병원,대상포진,조스타박스주,"135,000",서울 금천구
1204,서울바른세상병원,A형간염,아박심160U성인용주,"70,000",서울 금천구
1205,서울바른세상병원,인플루엔자,지씨플루쿼드리밸런트프리필드시린지주,"35,000",서울 금천구
1206,서울바른세상병원,"Td(파상풍, 디프테리아)",에스케이티디백신주,"30,000",서울 금천구
1207,서울바른세상병원,"Td(파상풍, 디프테리아)",녹십자티디백신프리필드시린지주,"30,000",서울 금천구
1208,서울바른세상병원,폐렴구균,프리베나13주,"105,000",서울 금천구
1209,서울병원,대상포진,조스타박스주,"190,000",서울 은평구
1210,서울병원,A형간염,하브릭스주 1ml,"80,000",서울 은평구
1211,서울병원,인플루엔자,스카이셀플루4가프리필드시린지,"40,000",서울 은평구
1212,서울병원,대상포진,조스타박스주,"180,000",서울 송파구
1213,서울병원,대상포진,스카이조스터주,"180,000",서울 송파구
1214,서울병원,A형간염,박타프리필드 시린지 1ml,"70,000",서울 송파구
1215,서울병원,사람유두종바이러스,가다실9프리필드시린지,"230,000",서울 송파구
1216,서울병원,사람유두종바이러스,가다실프리필드시린지,"180,000",서울 송파구
1217,서울병원,인플루엔자,지씨플루쿼드리밸런트프리필드시린지주,"40,000",서울 송파구
1218,서울병원,"Tdap(파상풍, 디프테리아, 백일해)",부스트릭스프리필드시린지,"50,000",서울 송파구
1219,서울병원,폐렴구균,프리베나13주,"150,000",서울 송파구
1220,서울병원,폐렴구균,프로디악스-23프리필드시린지,"70,000",서울 송파구
1221,서울본브릿지병원,대상포진,스카이조스터주,"170,000",서울 강남구
1222,서울본브릿지병원,A형간염,아박심160U성인용주,"100,000",서울 강남구
1223,서울본브릿지병원,사람유두종바이러스,가다실9프리필드시린지,"200,000",서울 강남구
1224,서울본브릿지병원,인플루엔자,스카이셀플루4가프리필드시린지,"32,000",서울 강남구
1225,서울본브릿지병원,폐렴구균,프리베나13주,"130,000",서울 강남구
1226,서울석병원,대상포진,스카이조스터주,"190,000",서울 송파구
1227,서울석병원,A형간염,아박심160U성인용주,"70,000",서울 송파구
1228,서울석병원,사람유두종바이러스,가다실9프리필드시린지,"200,000",서울 송파구
1229,서울석병원,인플루엔자,스카이셀플루4가프리필드시린지,"35,000",서울 송파구
1230,서울석병원,"Tdap(파상풍, 디프테리아, 백일해)",부스트릭스프리필드시린지,"30,000",서울 송파구
1231,서울석병원,폐렴구균,프리베나13주,"150,000",서울 송파구
1232,서울선병원,인플루엔자,보령플루Ⅴ테트라백신주,"35,000",서울 중랑구
1233,서울송도병원,대상포진,조스타박스주,"170,000",서울 중구
1234,서울송도병원,A형간염,하브릭스주 1ml,"55,000",서울 중구
1235,서울송도병원,A형간염,박타프리필드 시린지 1ml,"55,000",서울 중구
1236,서울송도병원,사람유두종바이러스,가다실9프리필드시린지,"200,000",서울 중구
1237,서울송도병원,인플루엔자,지씨플루쿼드리밸런트프리필드시린지주,"40,000",서울 중구
1238,서울송도병원,인플루엔자,박씨그리프테트라주,"40,000",서울 중구
1239,서울송도병원,"Td(파상풍, 디프테리아)",에스케이티디백신주,"40,000",서울 중구
1240,서울송도병원,폐렴구균,프리베나13주,"130,000",서울 중구
1241,서울숭인병원,폐렴구균,프리베나13주,"120,000",서울 종로구
1242,서울스타병원,대상포진,조스타박스주,"130,000",서울 강서구
1243,서울스타병원,A형간염,아박심160U성인용주,"75,000",서울 강서구
1244,서울스타병원,인플루엔자,지씨플루쿼드리밸런트프리필드시린지주,"35,000",서울 강서구
1245,서울스타병원,"Td(파상풍, 디프테리아)",에스케이티디백신주,"30,000",서울 강서구
1246,서울스타병원,폐렴구균,프리베나13주,"100,000",서울 강서구
1247,서울양병원,대상포진,조스타박스주,"190,000",서울 강동구
1248,서울양병원,A형간염,박타프리필드 시린지 1ml,"80,000",서울 강동구
1249,서울양병원,사람유두종바이러스,가다실프리필드시린지,"180,000",서울 강동구
1250,서울양병원,폐렴구균,프리베나13주,"130,000",서울 강동구
1251,서울연세병원,대상포진,조스타박스주,"190,000",서울 성동구
1252,서울연세병원,인플루엔자,지씨플루쿼드리밸런트프리필드시린지주,"35,000",서울 성동구
1253,서울유병원,대상포진,조스타박스주,"150,000",서울 강북구
1254,서울유병원,인플루엔자,스카이셀플루4가프리필드시린지,"35,000",서울 강북구
1255,서울유병원,"Td(파상풍, 디프테리아)",에스케이티디백신주,"40,000",서울 강북구
1256,서울유병원,폐렴구균,프리베나13주,"120,000",서울 강북구
1257,서울재활병원,대상포진,스카이조스터주,"150,000",서울 은평구
1258,서울재활병원,대상포진,조스타박스주,"170,000",서울 은평구
1259,서울재활병원,A형간염,박타프리필드 시린지 1ml,"49,000",서울 은평구
1260,서울재활병원,인플루엔자,플루아릭스테트라프리필드시린지,"36,000",서울 은평구
1261,서울재활병원,인플루엔자,스카이셀플루4가프리필드시린지,"35,000",서울 은평구
1262,서울재활병원,폐렴구균,프리베나13주,"120,000",서울 은평구
1263,서울척병원,대상포진,조스타박스주,"190,000",서울 성북구
1264,서울척병원,A형간염,박타프리필드 시린지 1ml,"77,000",서울 성북구
1265,서울척병원,사람유두종바이러스,가다실9프리필드시린지,"190,000",서울 성북구
1266,서울척병원,인플루엔자,스카이셀플루4가프리필드시린지,"30,000",서울 성북구
1267,서울척병원,"Td(파상풍, 디프테리아)",티디퓨어주,"35,000",서울 성북구
1268,서울척병원,폐렴구균,프로디악스-23,"50,000",서울 성북구
1269,서울척병원,폐렴구균,프리베나13주,"130,000",서울 성북구
1270,서울큰나무병원,대상포진,스카이조스터주,"120,000",서울 강서구
1271,서울큰나무병원,대상포진,조스타박스주,"160,000",서울 강서구
1272,서울큰나무병원,인플루엔자,스카이셀플루4가프리필드시린지,"35,000",서울 강서구
1273,서울큰나무병원,인플루엔자,보령플루Ⅴ테트라백신주,"30,000",서울 강서구
1274,서울큰나무병원,"Td(파상풍, 디프테리아)",디티부스터에스에스아이주,"30,000",서울 강서구
1275,서울큰나무병원,폐렴구균,프리베나13주,"130,000",서울 강서구
1276,서울특별시 북부병원,대상포진,조스타박스주,"99,709",서울 중랑구
1277,서울특별시 북부병원,A형간염,박타프리필드 시린지 1ml,"51,360",서울 중랑구
1278,서울특별시서북병원,대상포진,조스타박스주,"99,700",서울 은평구
1279,서울특별시서북병원,로타바이러스,로타릭스프리필드,"91,500",서울 은평구
1280,서울특별시서북병원,A형간염,아박심160U성인용주,"54,400",서울 은평구
1281,서울특별시서북병원,A형간염,박타주 0.5ml,"31,800",서울 은평구
1282,서울특별시서북병원,A형간염,아박심80U소아용주,"31,800",서울 은평구
1283,서울특별시서북병원,수두,수두박스주,"29,500",서울 은평구
1284,서울특별시서북병원,수두,바리-엘백신,"29,500",서울 은평구
1285,서울특별시서북병원,수막구균,멘비오,"98,500",서울 은평구
1286,서울특별시서북병원,사람유두종바이러스,가다실프리필드시린지,"102,500",서울 은평구
1287,서울특별시서북병원,인플루엔자,백시플루4가주사액프리필드시린지,"26,000",서울 은평구
1288,서울특별시서북병원,"Td(파상풍, 디프테리아)",에스케이티디백신주,"29,400",서울 은평구
1289,서울특별시서북병원,"Tdap(파상풍, 디프테리아, 백일해)",부스트릭스프리필드시린지,"37,000",서울 은평구
1290,서울특별시서북병원,폐렴구균,프리베나13주,"75,600",서울 은평구
1291,서울특별시어린이병원,대상포진,조스타박스주,"99,710",서울 서초구
1292,서울특별시어린이병원,로타바이러스,로타텍액,"57,720",서울 서초구
1293,서울특별시어린이병원,로타바이러스,로타릭스프리필드,"91,510",서울 서초구
1294,서울특별시어린이병원,사람유두종바이러스,가다실프리필드시린지,"102,580",서울 서초구
1295,서울특별시어린이병원,폐렴구균,프리베나13주,"73,260",서울 서초구
1296,서울프라임병원,대상포진,조스타박스주,"170,000",서울 광진구
1297,서울프라임병원,A형간염,박타주 0.5ml,"80,000",서울 광진구
1298,서울프라임병원,인플루엔자,지씨플루쿼드리밸런트프리필드시린지주,"30,000",서울 광진구
1299,서울프라임병원,"Td(파상풍, 디프테리아)",티디퓨어주,"30,000",서울 광진구
1300,서울프라임병원,폐렴구균,프리베나13주,"130,000",서울 광진구
1301,서울현대병원,대상포진,조스타박스주,"150,000",서울 강북구
1302,서울현대병원,사람유두종바이러스,가다실9프리필드시린지,"200,000",서울 강북구
1303,서울현대병원,인플루엔자,스카이셀플루4가프리필드시린지,"35,000",서울 강북구
1304,서울현대병원,"Td(파상풍, 디프테리아)",티디퓨어주,"30,000",서울 강북구
1305,서울현대병원,폐렴구균,프리베나13주,"100,000",서울 강북구
1306,서재곤링커병원,대상포진,조스타박스주,"130,000",서울 송파구
1307,서재곤링커병원,A형간염,박타프리필드 시린지 1ml,"80,000",서울 송파구
1308,서재곤링커병원,A형간염,하브릭스주 1ml,"80,000",서울 송파구
1309,서재곤링커병원,인플루엔자,플루아릭스테트라프리필드시린지,"28,000",서울 송파구
1310,서재곤링커병원,인플루엔자,지씨플루쿼드리밸런트프리필드시린지주,"33,000",서울 송파구
1311,서재곤링커병원,폐렴구균,프리베나13주,"100,000",서울 송파구
1312,선수촌병원,인플루엔자,지씨플루쿼드리밸런트프리필드시린지주,"40,000",서울 송파구
1313,선수촌병원,"Td(파상풍, 디프테리아)",에스케이티디백신주,"35,000",서울 송파구
1314,선한목자병원,대상포진,조스타박스주,"190,000",서울 강남구
1315,선한목자병원,A형간염,하브릭스주 1ml,"80,000",서울 강남구
1316,선한목자병원,A형간염,박타주 0.5ml,"80,000",서울 강남구
1317,선한목자병원,A형간염,박타프리필드 시린지 1ml,"80,000",서울 강남구
1318,선한목자병원,수두,수두박스주,"30,000",서울 강남구
1319,선한목자병원,수막구균,멘비오,"150,000",서울 강남구
1320,선한목자병원,사람유두종바이러스,가다실9프리필드시린지,"210,000",서울 강남구
1321,선한목자병원,인플루엔자,지씨플루쿼드리밸런트프리필드시린지주,"35,000",서울 강남구
1322,선한목자병원,인플루엔자,플루아릭스테트라프리필드시린지,"35,000",서울 강남구
1323,선한목자병원,"Tdap(파상풍, 디프테리아, 백일해)",부스트릭스프리필드시린지,"50,000",서울 강남구
1324,선한목자병원,폐렴구균,프리베나13주,"150,000",서울 강남구
1325,성북우리아이들병원,대상포진,조스타박스주,"180,000",서울 성북구
1326,성북우리아이들병원,로타바이러스,로타릭스프리필드,"150,000",서울 성북구
1327,성북우리아이들병원,로타바이러스,로타텍액,"120,000",서울 성북구
1328,성북우리아이들병원,A형간염,아박심160U성인용주,"80,000",서울 성북구
1329,성북우리아이들병원,A형간염,아박심80U소아용주,"50,000",서울 성북구
1330,성북우리아이들병원,A형간염,하브릭스주 0.5ml,"50,000",서울 성북구
1331,성북우리아이들병원,A형간염,아박심80U소아용주,"50,000",서울 성북구
1332,성북우리아이들병원,수두,바리-엘백신,"40,000",서울 성북구
1333,성북우리아이들병원,수두,스카이바리셀라주,"40,000",서울 성북구
1334,성북우리아이들병원,수두,수두박스주,"40,000",서울 성북구
1335,성북우리아이들병원,수막구균,메낙트라주,"130,000",서울 성북구
1336,성북우리아이들병원,수막구균,멘비오,"130,000",서울 성북구
1337,성북우리아이들병원,사람유두종바이러스,서바릭스프리필드시린지,"150,000",서울 성북구
1338,성북우리아이들병원,사람유두종바이러스,가다실9프리필드시린지,"220,000",서울 성북구
1339,성북우리아이들병원,사람유두종바이러스,가다실프리필드시린지,"200,000",서울 성북구
1340,성북우리아이들병원,인플루엔자,박씨그리프테트라주,"40,000",서울 성북구
1341,성북우리아이들병원,인플루엔자,플루아릭스테트라프리필드시린지,"40,000",서울 성북구
1342,성북우리아이들병원,인플루엔자,스카이셀플루4가프리필드시린지,"40,000",서울 성북구
1343,성북우리아이들병원,인플루엔자,보령플루Ⅴ테트라백신주,"40,000",서울 성북구
1344,성북우리아이들병원,장티푸스,지로티프-주,"30,000",서울 성북구
1345,성북우리아이들병원,"Td(파상풍, 디프테리아)",디티부스터에스에스아이주,"30,000",서울 성북구
1346,성북우리아이들병원,"Tdap(파상풍, 디프테리아, 백일해)",아다셀주,"50,000",서울 성북구
1347,성북우리아이들병원,"Tdap(파상풍, 디프테리아, 백일해)",부스트릭스프리필드시린지,"50,000",서울 성북구
1348,성북우리아이들병원,폐렴구균,신플로릭스프리필드시린지,"120,000",서울 성북구
1349,성북우리아이들병원,폐렴구균,프리베나13주,"120,000",서울 성북구
1350,세바른병원,대상포진,조스타박스주,"190,000",서울 서초구
1351,세바른병원,A형간염,아박심160U성인용주,"70,000",서울 서초구
1352,세바른병원,인플루엔자,지씨플루쿼드리밸런트프리필드시린지주,"35,000",서울 서초구
1353,세바른병원,폐렴구균,프리베나13주,"130,000",서울 서초구
1354,세솟는정형외과병원,대상포진,스카이조스터주,"130,000",서울 마포구
1355,세솟는정형외과병원,인플루엔자,코박스인플루4가PF주,"35,000",서울 마포구
1356,세솟는정형외과병원,"Td(파상풍, 디프테리아)",녹십자티디백신프리필드시린지주,"70,000",서울 마포구
1357,세솟는정형외과병원,폐렴구균,프리베나13주,"130,000",서울 마포구
1358,소화병원(의료법인 소화병원),대상포진,조스타박스주,"180,000",서울 용산구
1359,소화병원(의료법인 소화병원),로타바이러스,로타릭스프리필드,"130,000",서울 용산구
1360,소화병원(의료법인 소화병원),로타바이러스,로타텍액,"100,000",서울 용산구
1361,소화병원(의료법인 소화병원),A형간염,아박심160U성인용주,"70,000",서울 용산구
1362,소화병원(의료법인 소화병원),A형간염,박타프리필드 시린지 1ml,"70,000",서울 용산구
1363,소화병원(의료법인 소화병원),A형간염,하브릭스주 0.5ml,"50,000",서울 용산구
1364,소화병원(의료법인 소화병원),A형간염,아박심80U소아용주,"50,000",서울 용산구
1365,소화병원(의료법인 소화병원),수두,스카이바리셀라주,"35,000",서울 용산구
1366,소화병원(의료법인 소화병원),수두,바리-엘백신,"35,000",서울 용산구
1367,소화병원(의료법인 소화병원),수막구균,멘비오,"150,000",서울 용산구
1368,소화병원(의료법인 소화병원),인플루엔자,지씨플루쿼드리밸런트프리필드시린지주,"40,000",서울 용산구
1369,소화병원(의료법인 소화병원),인플루엔자,스카이셀플루4가프리필드시린지,"40,000",서울 용산구
1370,소화병원(의료법인 소화병원),인플루엔자,플루아릭스테트라프리필드시린지,"40,000",서울 용산구
1371,소화병원(의료법인 소화병원),인플루엔자,스카이셀플루4가프리필드시린지,"40,000",서울 용산구
1372,소화병원(의료법인 소화병원),"Tdap(파상풍, 디프테리아, 백일해)",부스트릭스프리필드시린지,"30,000",서울 용산구
1373,소화병원(의료법인 소화병원),폐렴구균,프리베나13주,"150,000",서울 용산구
1374,소화병원(의료법인 소화병원),폐렴구균,신플로릭스프리필드시린지,"130,000",서울 용산구
1375,솔병원,인플루엔자,코박스인플루4가PF주,"30,000",서울 강서구
1376,솔병원,"Td(파상풍, 디프테리아)",티디퓨어주,"30,000",서울 강서구
1377,신일병원,대상포진,스카이조스터주,"150,000",서울 강북구
1378,신일병원,A형간염,박타프리필드 시린지 1ml,"80,000",서울 강북구
1379,신촌연세병원,대상포진,조스타박스주,"150,000",서울 마포구
1380,신촌연세병원,A형간염,박타프리필드 시린지 1ml,"80,000",서울 마포구
1381,신촌연세병원,사람유두종바이러스,서바릭스프리필드시린지,"135,000",서울 마포구
1382,신촌연세병원,인플루엔자,스카이셀플루4가프리필드시린지,"35,000",서울 마포구
1383,신촌연세병원,인플루엔자,지씨플루쿼드리밸런트프리필드시린지주,"35,000",서울 마포구
1384,신촌연세병원,인플루엔자,플루아릭스테트라프리필드시린지,"35,000",서울 마포구
1385,신촌연세병원,폐렴구균,프로디악스-23프리필드시린지,"70,000",서울 마포구
1386,신촌연세병원,폐렴구균,프리베나13주,"130,000",서울 마포구
1387,실로암안과병원,대상포진,조스타박스주,"180,000",서울 강서구
1388,실로암안과병원,A형간염,아박심160U성인용주,"70,000",서울 강서구
1389,실로암안과병원,수두,바리-엘백신,"35,000",서울 강서구
1390,실로암안과병원,사람유두종바이러스,가다실9프리필드시린지,"210,000",서울 강서구
1391,실로암안과병원,인플루엔자,박씨그리프테트라주,"45,000",서울 강서구
1392,실로암안과병원,"Td(파상풍, 디프테리아)",티디퓨어주,"40,000",서울 강서구
1393,실로암안과병원,폐렴구균,프리베나13주,"130,000",서울 강서구
1394,심정병원,대상포진,스카이조스터주,"110,000",서울 관악구
1395,심정병원,A형간염,박타프리필드 시린지 1ml,"70,000",서울 관악구
1396,심정병원,"Td(파상풍, 디프테리아)",녹십자티디백신프리필드시린지주,"30,000",서울 관악구
1397,심정병원,폐렴구균,프리베나13주,"120,000",서울 관악구
1398,아름제일병원,대상포진,조스타박스주,"190,000",서울 구로구
1399,아름제일병원,로타바이러스,로타릭스프리필드,"120,000",서울 구로구
1400,아름제일병원,로타바이러스,로타텍액,"80,000",서울 구로구
1401,아름제일병원,A형간염,하브릭스주 1ml,"80,000",서울 구로구
1402,아름제일병원,수두,바리-엘백신,"35,000",서울 구로구
1403,아름제일병원,수막구균,멘비오,"150,000",서울 구로구
1404,아름제일병원,사람유두종바이러스,가다실프리필드시린지,"180,000",서울 구로구
1405,아름제일병원,사람유두종바이러스,가다실9프리필드시린지,"210,000",서울 구로구
1406,아름제일병원,사람유두종바이러스,서바릭스프리필드시린지,"150,000",서울 구로구
1407,아름제일병원,"Tdap(파상풍, 디프테리아, 백일해)",부스트릭스프리필드시린지,"50,000",서울 구로구
1408,아름제일병원,폐렴구균,프리베나13주,"120,000",서울 구로구
1409,아카시아병원,인플루엔자,박씨그리프테트라주,"30,000",서울 금천구
1410,어울림병원,대상포진,조스타박스주,"180,000",서울 영등포구
1411,어울림병원,A형간염,하브릭스주 1ml,"65,000",서울 영등포구
1412,어울림병원,인플루엔자,보령플루Ⅷ테트라백신주,"35,000",서울 영등포구
1413,어울림병원,폐렴구균,프리베나13주,"120,000",서울 영등포구
1414,에스앤유서울병원,대상포진,조스타박스주,"180,000",서울 강서구
1415,에스앤유서울병원,A형간염,박타프리필드 시린지 1ml,"90,000",서울 강서구
1416,에스앤유서울병원,A형간염,하브릭스주 1ml,"90,000",서울 강서구
1417,에스앤유서울병원,인플루엔자,스카이셀플루4가프리필드시린지,"30,000",서울 강서구
1418,에스앤유서울병원,"Td(파상풍, 디프테리아)",디티부스터에스에스아이주,"50,000",서울 강서구
1419,에스앤유서울병원,폐렴구균,프리베나13주,"130,000",서울 강서구
1420,에이치큐브병원,대상포진,스카이조스터주,"140,000",서울 도봉구
1421,에이치큐브병원,대상포진,조스타박스주,"170,000",서울 도봉구
1422,에이치큐브병원,로타바이러스,로타텍액,"80,000",서울 도봉구
1423,에이치큐브병원,A형간염,아박심80U소아용주,"50,000",서울 도봉구
1424,에이치큐브병원,A형간염,아박심160U성인용주,"80,000",서울 도봉구
1425,에이치큐브병원,수두,스카이바리셀라주,"35,000",서울 도봉구
1426,에이치큐브병원,수막구균,멘비오,"130,000",서울 도봉구
1427,에이치큐브병원,수막구균,메낙트라주,"130,000",서울 도봉구
1428,에이치큐브병원,사람유두종바이러스,가다실프리필드시린지,"180,000",서울 도봉구
1429,에이치큐브병원,사람유두종바이러스,가다실9프리필드시린지,"210,000",서울 도봉구
1430,에이치큐브병원,인플루엔자,박씨그리프테트라주,"35,000",서울 도봉구
1431,에이치큐브병원,"Tdap(파상풍, 디프테리아, 백일해)",부스트릭스프리필드시린지,"50,000",서울 도봉구
1432,에이치큐브병원,폐렴구균,신플로릭스프리필드시린지,"100,000",서울 도봉구
1433,에이치큐브병원,폐렴구균,프리베나13주,"120,000",서울 도봉구
1434,연세노블병원,대상포진,조스타박스주,"200,000",서울 은평구
1435,연세노블병원,폐렴구균,프리베나13주,"130,000",서울 은평구
1436,연세무척나은병원,대상포진,조스타박스주,"150,000",서울 광진구
1437,연세무척나은병원,인플루엔자,보령플루Ⅷ테트라백신주,"35,000",서울 광진구
1438,연세무척나은병원,인플루엔자,테라텍트프리필드시린지주,"35,000",서울 광진구
1439,연세바로척병원,대상포진,조스타박스주,"190,000",서울 성동구
1440,연세바로척병원,사람유두종바이러스,가다실9프리필드시린지,"200,000",서울 성동구
1441,연세바른병원,대상포진,조스타박스주,"190,000",서울 동작구
1442,연세바른병원,폐렴구균,프리베나13주,"110,000",서울 동작구
1443,연세본병원,대상포진,스카이조스터주,"132,000",서울 중랑구
1444,연세본병원,인플루엔자,코박스인플루4가PF주,"35,000",서울 중랑구
1445,연세본병원,폐렴구균,프리베나13주,"130,000",서울 중랑구
1446,연세사랑모아여성병원,대상포진,조스타박스주,"190,000",서울 구로구
1447,연세사랑모아여성병원,로타바이러스,로타텍액,"80,000",서울 구로구
1448,연세사랑병원,대상포진,조스타박스주,"195,000",서울 서초구
1449,연세사랑병원,A형간염,박타프리필드 시린지 1ml,"80,000",서울 서초구
1450,연세사랑병원,인플루엔자,지씨플루쿼드리밸런트프리필드시린지주,"35,000",서울 서초구
1451,연세사랑병원,폐렴구균,프리베나13주,"155,000",서울 서초구
1452,연세슬기병원,대상포진,조스타박스주,"120,000",서울 성동구
1453,연세슬기병원,A형간염,아박심160U성인용주,"45,000",서울 성동구
1454,연세슬기병원,"Td(파상풍, 디프테리아)",티디퓨어주,"40,000",서울 성동구
1455,연세한강병원,대상포진,조스타박스주,"150,000",서울 마포구
1456,연세한강병원,A형간염,하브릭스주 1ml,"70,000",서울 마포구
1457,연세한강병원,A형간염,박타프리필드 시린지 1ml,"80,000",서울 마포구
1458,연세한강병원,A형간염,아박심160U성인용주,"80,000",서울 마포구
1459,연세한강병원,인플루엔자,박씨그리프테트라주,"30,000",서울 마포구
1460,연세한강병원,"Td(파상풍, 디프테리아)",디티부스터에스에스아이주,"35,000",서울 마포구
1461,연세한강병원,폐렴구균,프리베나13주,"130,000",서울 마포구
1462,염창환병원,대상포진,조스타박스주,"190,000",서울 송파구
1463,염창환병원,A형간염,박타프리필드 시린지 1ml,"80,000",서울 송파구
1464,염창환병원,사람유두종바이러스,가다실9프리필드시린지,"200,000",서울 송파구
1465,염창환병원,사람유두종바이러스,가다실프리필드시린지,"180,000",서울 송파구
1466,염창환병원,인플루엔자,스카이셀플루4가프리필드시린지,"40,000",서울 송파구
1467,염창환병원,"Td(파상풍, 디프테리아)",녹십자티디백신프리필드시린지주,"35,000",서울 송파구
1468,염창환병원,폐렴구균,프리베나13주,"150,000",서울 송파구
1469,영동병원,대상포진,스카이조스터주,"200,000",서울 동대문구
1470,영동병원,대상포진,조스타박스주,"200,000",서울 동대문구
1471,영동병원,A형간염,하브릭스주 1ml,"80,000",서울 동대문구
1472,영동병원,A형간염,아박심160U성인용주,"80,000",서울 동대문구
1473,영동병원,인플루엔자,플루아릭스테트라프리필드시린지,"25,000",서울 동대문구
1474,영동병원,인플루엔자,비알플루텍I테트라백신주,"25,000",서울 동대문구
1475,영동병원,인플루엔자,지씨플루쿼드리밸런트프리필드시린지주,"25,000",서울 동대문구
1476,영동병원,인플루엔자,코박스인플루4가PF주,"25,000",서울 동대문구
1477,영동병원,"Td(파상풍, 디프테리아)",티디퓨어주,"35,000",서울 동대문구
1478,영동병원,폐렴구균,프리베나13주,"140,000",서울 동대문구
1479,예스병원,대상포진,조스타박스주,"180,000",서울 구로구
1480,예스병원,인플루엔자,스카이셀플루4가프리필드시린지,"40,000",서울 구로구
1481,예스병원,폐렴구균,프리베나13주,"130,000",서울 구로구
1482,올림픽병원,대상포진,조스타박스주,"180,000",서울 송파구
1483,올림픽병원,A형간염,박타프리필드 시린지 1ml,"100,000",서울 송파구
1484,올바로병원,대상포진,조스타박스주,"190,000",서울 서초구
1485,올바로병원,A형간염,아박심160U성인용주,"90,000",서울 서초구
1486,올바로병원,인플루엔자,지씨플루쿼드리밸런트프리필드시린지주,"30,000",서울 서초구
1487,올바로병원,폐렴구균,프리베나13주,"150,000",서울 서초구
1488,올바른서울병원,대상포진,조스타박스주,"180,000",서울 강동구
1489,올바른서울병원,A형간염,하브릭스주 1ml,"70,000",서울 강동구
1490,우리들병원,대상포진,조스타박스주,"190,000",서울 강남구
1491,우리들병원,인플루엔자,스카이셀플루4가프리필드시린지,"40,000",서울 강남구
1492,우리들병원,"Td(파상풍, 디프테리아)",에스케이티디백신주,"30,800",서울 강남구
1493,우리들병원,폐렴구균,프리베나13주,"130,000",서울 강남구
1494,웰튼병원,대상포진,조스타박스주,"180,000",서울 강서구
1495,웰튼병원,인플루엔자,플루아릭스테트라프리필드시린지,"35,000",서울 강서구
1496,유광사여성병원,대상포진,조스타박스주,"180,000",서울 강서구
1497,유광사여성병원,로타바이러스,로타텍액,"100,000",서울 강서구
1498,유광사여성병원,A형간염,박타주 0.5ml,"40,000",서울 강서구
1499,윤호병원,대상포진,조스타박스주,"190,000",서울 강남구
1500,윤호병원,A형간염,아박심160U성인용주,"80,000",서울 강남구
1501,윤호병원,사람유두종바이러스,가다실프리필드시린지,"180,000",서울 강남구
1502,윤호병원,사람유두종바이러스,가다실9프리필드시린지,"210,000",서울 강남구
1503,윤호병원,인플루엔자,박씨그리프테트라주,"40,000",서울 강남구
1504,윤호병원,"Tdap(파상풍, 디프테리아, 백일해)",아다셀주,"50,000",서울 강남구
1505,윤호병원,폐렴구균,프리베나13주,"130,000",서울 강남구
1506,은평연세병원,대상포진,스카이조스터주,"180,000",서울 은평구
1507,은평연세병원,A형간염,박타프리필드 시린지 1ml,"80,000",서울 은평구
1508,은평연세병원,사람유두종바이러스,가다실프리필드시린지,"180,000",서울 은평구
1509,은평연세병원,인플루엔자,백시플루4가주사액프리필드시린지,"40,000",서울 은평구
1510,은평연세병원,인플루엔자,스카이셀플루4가프리필드시린지,"40,000",서울 은평구
1511,은평연세병원,"Td(파상풍, 디프테리아)",에스케이티디백신주,"30,000",서울 은평구
1512,은평연세병원,폐렴구균,프로디악스-23,"45,000",서울 은평구
1513,은평연세병원,폐렴구균,프리베나13주,"150,000",서울 은평구
1514,의료법인 나누리병원,대상포진,조스타박스주,"180,000",서울 강서구
1515,의료법인 나누리병원,A형간염,박타프리필드 시린지 1ml,"70,000",서울 강서구
1516,의료법인 나누리병원,인플루엔자,스카이셀플루4가프리필드시린지,"30,000",서울 강서구
1517,의료법인 나누리병원,폐렴구균,프리베나13주,"130,000",서울 강서구
1518,의료법인 상원의료재단 강북힘찬병원,대상포진,스카이조스터주,"150,000",서울 도봉구
1519,의료법인 상원의료재단 강북힘찬병원,A형간염,하브릭스주 1ml,"70,000",서울 도봉구
1520,의료법인 상원의료재단 강북힘찬병원,인플루엔자,스카이셀플루4가프리필드시린지,"30,000",서울 도봉구
1521,의료법인 상원의료재단 강북힘찬병원,"Td(파상풍, 디프테리아)",에스케이티디백신주,"30,000",서울 도봉구
1522,의료법인 상원의료재단 강북힘찬병원,폐렴구균,프리베나13주,"128,000",서울 도봉구
1523,의료법인 성누가의료재단 성누가병원,대상포진,조스타박스주,"170,000",서울 은평구
1524,의료법인 성누가의료재단 성누가병원,A형간염,박타프리필드 시린지 1ml,"80,000",서울 은평구
1525,의료법인 성누가의료재단 성누가병원,A형간염,하브릭스주 1ml,"80,000",서울 은평구
1526,의료법인 성누가의료재단 성누가병원,A형간염,아박심160U성인용주,"80,000",서울 은평구
1527,의료법인 성누가의료재단 성누가병원,수두,스카이바리셀라주,"30,000",서울 은평구
1528,의료법인 성누가의료재단 성누가병원,"Td(파상풍, 디프테리아)",녹십자티디백신프리필드시린지주,"40,000",서울 은평구
1529,의료법인 우리아이들 의료재단 우리아이들병원,대상포진,조스타박스주,"180,000",서울 구로구
1530,의료법인 우리아이들 의료재단 우리아이들병원,로타바이러스,로타텍액,"100,000",서울 구로구
1531,의료법인 우리아이들 의료재단 우리아이들병원,로타바이러스,로타릭스프리필드,"130,000",서울 구로구
1532,의료법인 우리아이들 의료재단 우리아이들병원,A형간염,하브릭스주 1ml,"80,000",서울 구로구
1533,의료법인 우리아이들 의료재단 우리아이들병원,A형간염,아박심80U소아용주,"50,000",서울 구로구
1534,의료법인 우리아이들 의료재단 우리아이들병원,A형간염,박타주 0.5ml,"50,000",서울 구로구
1535,의료법인 우리아이들 의료재단 우리아이들병원,A형간염,하브릭스주 0.5ml,"50,000",서울 구로구
1536,의료법인 우리아이들 의료재단 우리아이들병원,A형간염,아박심160U성인용주,"80,000",서울 구로구
1537,의료법인 우리아이들 의료재단 우리아이들병원,수두,수두박스주,"40,000",서울 구로구
1538,의료법인 우리아이들 의료재단 우리아이들병원,수두,바리-엘백신,"40,000",서울 구로구
1539,의료법인 우리아이들 의료재단 우리아이들병원,수막구균,멘비오,"150,000",서울 구로구
1540,의료법인 우리아이들 의료재단 우리아이들병원,수막구균,메낙트라주,"150,000",서울 구로구
1541,의료법인 우리아이들 의료재단 우리아이들병원,사람유두종바이러스,가다실프리필드시린지,"180,000",서울 구로구
1542,의료법인 우리아이들 의료재단 우리아이들병원,사람유두종바이러스,가다실9프리필드시린지,"200,000",서울 구로구
1543,의료법인 우리아이들 의료재단 우리아이들병원,사람유두종바이러스,서바릭스프리필드시린지,"150,000",서울 구로구
1544,의료법인 우리아이들 의료재단 우리아이들병원,인플루엔자,스카이셀플루4가프리필드시린지,"40,000",서울 구로구
1545,의료법인 우리아이들 의료재단 우리아이들병원,인플루엔자,보령플루Ⅷ테트라백신주,"40,000",서울 구로구
1546,의료법인 우리아이들 의료재단 우리아이들병원,인플루엔자,플루아릭스테트라프리필드시린지,"40,000",서울 구로구
1547,의료법인 우리아이들 의료재단 우리아이들병원,인플루엔자,박씨그리프테트라주,"40,000",서울 구로구
1548,의료법인 우리아이들 의료재단 우리아이들병원,인플루엔자,보령플루Ⅴ테트라백신주,"40,000",서울 구로구
1549,의료법인 우리아이들 의료재단 우리아이들병원,"Td(파상풍, 디프테리아)",티디퓨어주,"30,000",서울 구로구
1550,의료법인 우리아이들 의료재단 우리아이들병원,"Td(파상풍, 디프테리아)",디티부스터에스에스아이주,"30,000",서울 구로구
1551,의료법인 우리아이들 의료재단 우리아이들병원,"Tdap(파상풍, 디프테리아, 백일해)",부스트릭스프리필드시린지,"50,000",서울 구로구
1552,의료법인 우리아이들 의료재단 우리아이들병원,폐렴구균,프리베나13주,"120,000",서울 구로구
1553,의료법인 우리아이들 의료재단 우리아이들병원,폐렴구균,신플로릭스프리필드시린지,"120,000",서울 구로구
1554,의료법인 우신향병원,대상포진,스카이조스터주,"190,000",서울 성북구
1555,의료법인 우신향병원,A형간염,하브릭스주 1ml,"80,000",서울 성북구
1556,의료법인 우신향병원,A형간염,박타프리필드 시린지 1ml,"80,000",서울 성북구
1557,의료법인 우신향병원,사람유두종바이러스,가다실9프리필드시린지,"210,000",서울 성북구
1558,의료법인 우신향병원,인플루엔자,지씨플루쿼드리밸런트프리필드시린지주,"35,000",서울 성북구
1559,의료법인 우신향병원,인플루엔자,스카이셀플루4가프리필드시린지,"35,000",서울 성북구
1560,의료법인 우신향병원,폐렴구균,프리베나13주,"120,000",서울 성북구
1561,의료법인 인봉의료재단 영등포병원,대상포진,스카이조스터주,"150,000",서울 영등포구
1562,의료법인 인봉의료재단 영등포병원,A형간염,박타프리필드 시린지 1ml,"80,000",서울 영등포구
1563,의료법인 인봉의료재단 영등포병원,인플루엔자,스카이셀플루4가프리필드시린지,"35,000",서울 영등포구
1564,의료법인 인봉의료재단 영등포병원,"Td(파상풍, 디프테리아)",에스케이티디백신주,"30,000",서울 영등포구
1565,의료법인 인봉의료재단 영등포병원,"Tdap(파상풍, 디프테리아, 백일해)",부스트릭스프리필드시린지,"50,000",서울 영등포구
1566,의료법인 인봉의료재단 영등포병원,폐렴구균,프리베나13주,"110,000",서울 영등포구
1567,의료법인 제일의료재단 제일병원,대상포진,조스타박스주,"190,000",서울 중구
1568,의료법인 제일의료재단 제일병원,로타바이러스,로타릭스프리필드,"100,000",서울 중구
1569,의료법인 제일의료재단 제일병원,로타바이러스,로타텍액,"80,000",서울 중구
1570,의료법인 제일의료재단 제일병원,A형간염,아박심160U성인용주,"60,000",서울 중구
1571,의료법인 제일의료재단 제일병원,수두,수두박스주,"45,000",서울 중구
1572,의료법인 제일의료재단 제일병원,수막구균,멘비오,"150,000",서울 중구
1573,의료법인 제일의료재단 제일병원,사람유두종바이러스,가다실9프리필드시린지,"210,000",서울 중구
1574,의료법인 제일의료재단 제일병원,사람유두종바이러스,서바릭스프리필드시린지,"150,000",서울 중구
1575,의료법인 제일의료재단 제일병원,사람유두종바이러스,가다실프리필드시린지,"180,000",서울 중구
1576,의료법인 제일의료재단 제일병원,인플루엔자,박씨그리프테트라주,"40,000",서울 중구
1577,의료법인 제일의료재단 제일병원,"Tdap(파상풍, 디프테리아, 백일해)",아다셀주,"50,000",서울 중구
1578,의료법인 제일의료재단 제일병원,"Tdap(파상풍, 디프테리아, 백일해)",부스트릭스프리필드시린지,"50,000",서울 중구
1579,의료법인 제일의료재단 제일병원,폐렴구균,프리베나13주,"120,000",서울 중구
1580,의료법인 청해의료재단 제일병원,대상포진,스카이조스터주,"120,000",서울 서초구
1581,의료법인 청해의료재단 제일병원,A형간염,아박심160U성인용주,"80,000",서울 서초구
1582,의료법인 청해의료재단 제일병원,인플루엔자,스카이셀플루4가프리필드시린지,"40,000",서울 서초구
1583,의료법인 청해의료재단 제일병원,폐렴구균,프리베나13주,"120,000",서울 서초구
1584,의료법인 춘혜의료재단 명지춘혜재활병원,대상포진,조스타박스주,"170,000",서울 영등포구
1585,의료법인 춘혜의료재단 명지춘혜재활병원,인플루엔자,지씨플루쿼드리밸런트프리필드시린지주,"35,000",서울 영등포구
1586,의료법인 춘혜의료재단 명지춘혜재활병원,폐렴구균,프로디악스-23,"35,000",서울 영등포구
1587,의료법인 춘혜의료재단 명지춘혜재활병원,폐렴구균,프리베나13주,"130,000",서울 영등포구
1588,의료법인서광의료재단 성북중앙병원,대상포진,조스타박스주,"150,000",서울 성북구
1589,의료법인서광의료재단 성북중앙병원,A형간염,하브릭스주 1ml,"90,000",서울 성북구
1590,의료법인서광의료재단 성북중앙병원,인플루엔자,코박스플루4가PF주,"35,000",서울 성북구
1591,의료법인서광의료재단 성북중앙병원,"Td(파상풍, 디프테리아)",녹십자티디백신프리필드시린지주,"40,000",서울 성북구
1592,의료법인서광의료재단 성북중앙병원,폐렴구균,프리베나13주,"150,000",서울 성북구
1593,인정병원,대상포진,스카이조스터주,"150,000",서울 은평구
1594,인정병원,대상포진,조스타박스주,"170,000",서울 은평구
1595,인정병원,로타바이러스,로타텍액,"100,000",서울 은평구
1596,인정병원,로타바이러스,로타릭스프리필드,"150,000",서울 은평구
1597,인정병원,A형간염,하브릭스주 1ml,"80,000",서울 은평구
1598,인정병원,A형간염,박타프리필드 시린지 1ml,"80,000",서울 은평구
1599,인정병원,A형간염,하브릭스주 0.5ml,"50,000",서울 은평구
1600,인정병원,A형간염,박타프리필드 시린지 1ml,"80,000",서울 은평구
1601,인정병원,A형간염,하브릭스주 0.5ml,"50,000",서울 은평구
1602,인정병원,수두,바리-엘백신,"35,000",서울 은평구
1603,인정병원,수막구균,멘비오,"130,000",서울 은평구
1604,인정병원,수막구균,메낙트라주,"130,000",서울 은평구
1605,인정병원,사람유두종바이러스,가다실9프리필드시린지,"210,000",서울 은평구
1606,인정병원,사람유두종바이러스,서바릭스프리필드시린지,"150,000",서울 은평구
1607,인정병원,사람유두종바이러스,가다실프리필드시린지,"180,000",서울 은평구
1608,인정병원,인플루엔자,지씨플루쿼드리밸런트프리필드시린지주,"35,000",서울 은평구
1609,인정병원,인플루엔자,코박스플루4가PF주,"35,000",서울 은평구
1610,인정병원,인플루엔자,코박스인플루4가PF주,"35,000",서울 은평구
1611,인정병원,인플루엔자,스카이셀플루4가프리필드시린지,"35,000",서울 은평구
1612,인정병원,인플루엔자,보령플루Ⅷ테트라백신주,"35,000",서울 은평구
1613,인정병원,인플루엔자,플루아릭스테트라프리필드시린지,"35,000",서울 은평구
1614,인정병원,인플루엔자,박씨그리프테트라주,"35,000",서울 은평구
1615,인정병원,인플루엔자,코박스플루4가PF주,"35,000",서울 은평구
1616,인정병원,"Td(파상풍, 디프테리아)",에스케이티디백신주,"30,000",서울 은평구
1617,인정병원,"Tdap(파상풍, 디프테리아, 백일해)",아다셀주,"50,000",서울 은평구
1618,인정병원,"Tdap(파상풍, 디프테리아, 백일해)",부스트릭스프리필드시린지,"50,000",서울 은평구
1619,인정병원,폐렴구균,신플로릭스프리필드시린지,"120,000",서울 은평구
1620,인정병원,폐렴구균,프리베나13주,"130,000",서울 은평구
1621,재단법인대성병원,대상포진,스카이조스터주,"180,000",서울 서대문구
1622,재단법인대성병원,A형간염,아박심160U성인용주,"70,000",서울 서대문구
1623,재단법인대성병원,"Td(파상풍, 디프테리아)",에스케이티디백신주,"50,000",서울 서대문구
1624,재단법인대성병원,폐렴구균,프리베나13주,"130,000",서울 서대문구
1625,정동병원,대상포진,스카이조스터주,"150,000",서울 동작구
1626,정동병원,A형간염,박타프리필드 시린지 1ml,"80,000",서울 동작구
1627,정동병원,수막구균,메낙트라주,"150,000",서울 동작구
1628,정동병원,사람유두종바이러스,가다실프리필드시린지,"170,000",서울 동작구
1629,정동병원,인플루엔자,지씨플루쿼드리밸런트프리필드시린지주,"35,000",서울 동작구
1630,정동병원,"Tdap(파상풍, 디프테리아, 백일해)",아다셀주,"50,000",서울 동작구
1631,정동병원,폐렴구균,프리베나13주,"150,000",서울 동작구
1632,제니스병원,인플루엔자,지씨플루쿼드리밸런트프리필드시린지주,"35,000",서울 광진구
1633,제니스병원,폐렴구균,프리베나13주,"130,000",서울 광진구
1634,제이여성병원,대상포진,조스타박스주,"190,000",서울 서대문구
1635,제이여성병원,로타바이러스,로타텍액,"100,000",서울 서대문구
1636,제이여성병원,A형간염,아박심160U성인용주,"80,000",서울 서대문구
1637,제이여성병원,A형간염,하브릭스주 1ml,"80,000",서울 서대문구
1638,제이여성병원,A형간염,아박심80U소아용주,"50,000",서울 서대문구
1639,제이여성병원,A형간염,박타프리필드 시린지 1ml,"80,000",서울 서대문구
1640,제이여성병원,수두,수두박스주,"35,000",서울 서대문구
1641,제이여성병원,수막구균,메낙트라주,"130,000",서울 서대문구
1642,제이여성병원,사람유두종바이러스,가다실9프리필드시린지,"210,000",서울 서대문구
1643,제이여성병원,인플루엔자,코박스인플루4가PF주,"35,000",서울 서대문구
1644,제이여성병원,"Tdap(파상풍, 디프테리아, 백일해)",부스트릭스프리필드시린지,"50,000",서울 서대문구
1645,제이여성병원,폐렴구균,프리베나13주,"130,000",서울 서대문구
1646,제일정형외과병원,대상포진,조스타박스주,"190,000",서울 강남구
1647,제일정형외과병원,대상포진,스카이조스터주,"150,000",서울 강남구
1648,제일정형외과병원,A형간염,하브릭스주 1ml,"80,000",서울 강남구
1649,제일정형외과병원,A형간염,박타프리필드 시린지 1ml,"80,000",서울 강남구
1650,제일정형외과병원,인플루엔자,스카이셀플루4가프리필드시린지,"40,000",서울 강남구
1651,제일정형외과병원,"Td(파상풍, 디프테리아)",에스케이티디백신주,"30,000",서울 강남구
1652,제일정형외과병원,"Tdap(파상풍, 디프테리아, 백일해)",부스트릭스프리필드시린지,"50,000",서울 강남구
1653,제일정형외과병원,폐렴구균,프리베나13주,"150,000",서울 강남구
1654,조은마디병원,대상포진,스카이조스터주,"150,000",서울 강동구
1655,조은마디병원,A형간염,하브릭스주 1ml,"80,000",서울 강동구
1656,조은마디병원,사람유두종바이러스,가다실프리필드시린지,"180,000",서울 강동구
1657,조은마디병원,인플루엔자,스카이셀플루4가프리필드시린지,"30,000",서울 강동구
1658,조은마디병원,"Tdap(파상풍, 디프테리아, 백일해)",부스트릭스프리필드시린지,"50,000",서울 강동구
1659,조은마디병원,폐렴구균,프리베나13주,"120,000",서울 강동구
1660,조인트힐병원,대상포진,조스타박스주,"170,000",서울 관악구
1661,조인트힐병원,A형간염,아박심160U성인용주,"70,000",서울 관악구
1662,조인트힐병원,인플루엔자,보령플루Ⅷ테트라백신주,"35,000",서울 관악구
1663,조인트힐병원,인플루엔자,비알플루텍I테트라백신주,"35,000",서울 관악구
1664,조인트힐병원,폐렴구균,프리베나13주,"130,000",서울 관악구
1665,참바로병원,대상포진,조스타박스주,"200,000",서울 중구
1666,참바로병원,폐렴구균,프리베나13주,"150,000",서울 중구
1667,참튼튼병원,대상포진,스카이조스터주,"130,000",서울 동대문구
1668,참튼튼병원,인플루엔자,스카이셀플루4가프리필드시린지,"30,000",서울 동대문구
1669,참튼튼병원,대상포진,스카이조스터주,"150,000",서울 노원구
1670,참튼튼병원,A형간염,아박심160U성인용주,"80,000",서울 노원구
1671,참튼튼병원,인플루엔자,박씨그리프테트라주,"40,000",서울 노원구
1672,참튼튼병원,대상포진,스카이조스터주,"190,000",서울 구로구
1673,참튼튼병원,A형간염,박타프리필드 시린지 1ml,"70,000",서울 구로구
1674,참튼튼병원,사람유두종바이러스,가다실프리필드시린지,"150,000",서울 구로구
1675,참튼튼병원,사람유두종바이러스,가다실9프리필드시린지,"180,000",서울 구로구
1676,참튼튼병원,인플루엔자,박씨그리프테트라주,"40,000",서울 구로구
1677,참튼튼병원,인플루엔자,지씨플루쿼드리밸런트프리필드시린지주,"35,000",서울 구로구
1678,참튼튼병원,인플루엔자,플루아릭스테트라프리필드시린지,"40,000",서울 구로구
1679,참튼튼병원,인플루엔자,테라텍트프리필드시린지주,"35,000",서울 구로구
1680,참튼튼병원,폐렴구균,프리베나13주,"130,000",서울 구로구
1681,참포도나무병원,대상포진,조스타박스주,"170,000",서울 서초구
1682,참포도나무병원,A형간염,아박심160U성인용주,"80,000",서울 서초구
1683,참포도나무병원,인플루엔자,스카이셀플루4가프리필드시린지,"40,000",서울 서초구
1684,참포도나무병원,폐렴구균,프리베나13주,"150,000",서울 서초구
1685,참푸른병원,대상포진,조스타박스주,"170,000",서울 서초구
1686,참푸른병원,A형간염,하브릭스주 1ml,"80,000",서울 서초구
1687,참푸른병원,인플루엔자,지씨플루쿼드리밸런트프리필드시린지주,"35,000",서울 서초구
1688,참푸른병원,"Td(파상풍, 디프테리아)",녹십자티디백신프리필드시린지주,"30,000",서울 서초구
1689,참푸른병원,폐렴구균,프리베나13주,"130,000",서울 서초구
1690,척편한병원,인플루엔자,코박스인플루4가PF주,"35,000",서울 관악구
1691,척편한병원,"Td(파상풍, 디프테리아)",녹십자티디백신프리필드시린지주,"40,000",서울 관악구
1692,척편한병원,"Td(파상풍, 디프테리아)",디티부스터에스에스아이주,"40,000",서울 관악구
1693,청담병원,대상포진,조스타박스주,"180,000",서울 강남구
1694,청담병원,인플루엔자,지씨플루쿼드리밸런트프리필드시린지주,"35,000",서울 강남구
1695,청병원,대상포진,조스타박스주,"170,000",서울 강동구
1696,청병원,A형간염,박타프리필드 시린지 1ml,"70,000",서울 강동구
1697,청병원,A형간염,하브릭스주 1ml,"70,000",서울 강동구
1698,청화병원,대상포진,조스타박스주,"190,000",서울 동작구
1699,청화병원,로타바이러스,로타텍액,"100,000",서울 동작구
1700,청화병원,A형간염,하브릭스주 0.5ml,"50,000",서울 동작구
1701,청화병원,A형간염,박타주 0.5ml,"50,000",서울 동작구
1702,청화병원,수두,바리-엘백신,"35,000",서울 동작구
1703,청화병원,수막구균,멘비오,"150,000",서울 동작구
1704,청화병원,사람유두종바이러스,가다실프리필드시린지,"160,000",서울 동작구
1705,청화병원,사람유두종바이러스,가다실9프리필드시린지,"210,000",서울 동작구
1706,청화병원,사람유두종바이러스,서바릭스프리필드시린지,"140,000",서울 동작구
1707,청화병원,인플루엔자,코박스플루4가PF주,"35,000",서울 동작구
1708,청화병원,"Td(파상풍, 디프테리아)",티디퓨어주,"30,000",서울 동작구
1709,청화병원,"Tdap(파상풍, 디프테리아, 백일해)",부스트릭스프리필드시린지,"50,000",서울 동작구
1710,청화병원,"Tdap(파상풍, 디프테리아, 백일해)",아다셀주,"50,000",서울 동작구
1711,청화병원,폐렴구균,프리베나13주,"150,000",서울 동작구
1712,최원호병원,대상포진,스카이조스터주,"120,000",서울 은평구
1713,최원호병원,대상포진,조스타박스주,"150,000",서울 은평구
1714,최원호병원,A형간염,하브릭스주 1ml,"70,000",서울 은평구
1715,케이에스병원,대상포진,조스타박스주,"180,000",서울 강남구
1716,케이에스병원,A형간염,박타프리필드 시린지 1ml,"85,000",서울 강남구
1717,케이에스병원,인플루엔자,플루아릭스테트라프리필드시린지,"40,000",서울 강남구
1718,케이에스병원,"Td(파상풍, 디프테리아)",티디퓨어주,"40,000",서울 강남구
1719,케이에스병원,폐렴구균,프로디악스-23,"60,000",서울 강남구
1720,케이에스병원,폐렴구균,프리베나13주,"120,000",서울 강남구
1721,코리아병원,대상포진,스카이조스터주,"180,000",서울 동대문구
1722,코리아병원,A형간염,하브릭스주 1ml,"100,000",서울 동대문구
1723,코리아병원,폐렴구균,프리베나13주,"150,000",서울 동대문구
1724,태릉마이크로병원,대상포진,스카이조스터주,"150,000",서울 노원구
1725,태릉마이크로병원,A형간염,아박심160U성인용주,"100,000",서울 노원구
1726,태릉마이크로병원,인플루엔자,플루아릭스테트라프리필드시린지,"40,000",서울 노원구
1727,태릉마이크로병원,"Td(파상풍, 디프테리아)",녹십자티디백신프리필드시린지주,"30,000",서울 노원구
1728,태릉마이크로병원,폐렴구균,프리베나13주,"120,000",서울 노원구
1729,튼튼병원,대상포진,조스타박스주,"190,000",서울 강남구
1730,튼튼병원,A형간염,박타프리필드 시린지 1ml,"80,000",서울 강남구
1731,튼튼병원,인플루엔자,플루아릭스테트라프리필드시린지,"40,000",서울 강남구
1732,튼튼병원,인플루엔자,보령플루Ⅷ테트라백신주,"40,000",서울 강남구
1733,튼튼병원,인플루엔자,코박스인플루4가PF주,"40,000",서울 강남구
1734,튼튼병원,인플루엔자,지씨플루쿼드리밸런트프리필드시린지주,"40,000",서울 강남구
1735,튼튼병원,인플루엔자,스카이셀플루4가프리필드시린지,"40,000",서울 강남구
1736,튼튼병원,장티푸스,지로티프-주,"20,000",서울 강남구
1737,튼튼병원,"Td(파상풍, 디프테리아)",에스케이티디백신주,"30,000",서울 강남구
1738,튼튼병원,"Tdap(파상풍, 디프테리아, 백일해)",부스트릭스프리필드시린지,"40,000",서울 강남구
1739,튼튼병원,폐렴구균,프로디악스-23,"65,000",서울 강남구
1740,튼튼병원,폐렴구균,프리베나13주,"130,000",서울 강남구
1741,파로스병원,대상포진,스카이조스터주,"130,000",서울 노원구
1742,파로스병원,인플루엔자,스카이셀플루4가프리필드시린지,"35,000",서울 노원구
1743,파로스병원,폐렴구균,프리베나13주,"100,000",서울 노원구
1744,팔팔병원,대상포진,조스타박스주,"180,000",서울 중랑구
1745,팔팔병원,A형간염,박타프리필드 시린지 1ml,"70,000",서울 중랑구
1746,팔팔병원,인플루엔자,지씨플루쿼드리밸런트프리필드시린지주,"35,000",서울 중랑구
1747,팔팔병원,폐렴구균,프리베나13주,"150,000",서울 중랑구
1748,포미즈여성병원,대상포진,스카이조스터주,"150,000",서울 양천구
1749,포미즈여성병원,대상포진,조스타박스주,"170,000",서울 양천구
1750,포미즈여성병원,로타바이러스,로타텍액,"100,000",서울 양천구
1751,포미즈여성병원,로타바이러스,로타릭스프리필드,"150,000",서울 양천구
1752,포미즈여성병원,A형간염,아박심160U성인용주,"80,000",서울 양천구
1753,포미즈여성병원,A형간염,하브릭스주 1ml,"80,000",서울 양천구
1754,포미즈여성병원,수두,수두박스주,"35,000",서울 양천구
1755,포미즈여성병원,수막구균,멘비오,"150,000",서울 양천구
1756,포미즈여성병원,수막구균,메낙트라주,"150,000",서울 양천구
1757,포미즈여성병원,사람유두종바이러스,서바릭스프리필드시린지,"150,000",서울 양천구
1758,포미즈여성병원,사람유두종바이러스,가다실9프리필드시린지,"210,000",서울 양천구
1759,포미즈여성병원,사람유두종바이러스,가다실프리필드시린지,"180,000",서울 양천구
1760,포미즈여성병원,"Td(파상풍, 디프테리아)",에스케이티디백신주,"30,000",서울 양천구
1761,포미즈여성병원,"Tdap(파상풍, 디프테리아, 백일해)",부스트릭스프리필드시린지,"50,000",서울 양천구
1762,포미즈여성병원,폐렴구균,신플로릭스프리필드시린지,"130,000",서울 양천구
1763,포미즈여성병원,폐렴구균,프리베나13주,"150,000",서울 양천구
1764,하나이비인후과병원,대상포진,조스타박스주,"110,000",서울 강남구
1765,하나이비인후과병원,사람유두종바이러스,가다실9프리필드시린지,"210,000",서울 강남구
1766,하나이비인후과병원,인플루엔자,백시플루4가주사액프리필드시린지,"40,000",서울 강남구
1767,하나이비인후과병원,인플루엔자,플루아릭스테트라프리필드시린지,"40,000",서울 강남구
1768,하나이비인후과병원,인플루엔자,테라텍트프리필드시린지주,"40,000",서울 강남구
1769,하나이비인후과병원,폐렴구균,프리베나13주,"150,000",서울 강남구
1770,하늘병원,대상포진,조스타박스주,"140,000",서울 동대문구
1771,하늘병원,A형간염,아박심160U성인용주,"70,000",서울 동대문구
1772,하늘병원,"Tdap(파상풍, 디프테리아, 백일해)",부스트릭스프리필드시린지,"40,000",서울 동대문구
1773,학교법인대진교육재단 제인병원,대상포진,조스타박스주,"160,000",서울 성동구
1774,학교법인대진교육재단 제인병원,A형간염,아박심160U성인용주,"80,000",서울 성동구
1775,학교법인대진교육재단 제인병원,A형간염,박타프리필드 시린지 1ml,"80,000",서울 성동구
1776,한강수병원,대상포진,조스타박스주,"180,000",서울 영등포구
1777,한강수병원,대상포진,스카이조스터주,"150,000",서울 영등포구
1778,한강수병원,로타바이러스,로타텍액,"100,000",서울 영등포구
1779,한강수병원,A형간염,하브릭스주 0.5ml,"50,000",서울 영등포구
1780,한강수병원,A형간염,하브릭스주 1ml,"80,000",서울 영등포구
1781,한강수병원,A형간염,아박심160U성인용주,"80,000",서울 영등포구
1782,한강수병원,사람유두종바이러스,가다실프리필드시린지,"150,000",서울 영등포구
1783,한강수병원,인플루엔자,지씨플루쿼드리밸런트프리필드시린지주,"35,000",서울 영등포구
1784,한솔병원,대상포진,조스타박스주,"180,000",서울 송파구
1785,한솔병원,A형간염,하브릭스주 1ml,"80,000",서울 송파구
1786,한솔병원,인플루엔자,지씨플루쿼드리밸런트프리필드시린지주,"40,000",서울 송파구
1787,한솔병원,폐렴구균,프리베나13주,"130,000",서울 송파구
1788,햇빛병원,대상포진,스카이조스터주,"150,000",서울 강북구
1789,햇빛병원,대상포진,조스타박스주,"180,000",서울 강북구
1790,햇빛병원,로타바이러스,로타릭스프리필드,"120,000",서울 강북구
1791,햇빛병원,A형간염,아박심160U성인용주,"80,000",서울 강북구
1792,햇빛병원,A형간염,박타프리필드 시린지 0.5ml,"50,000",서울 강북구
1793,햇빛병원,A형간염,아박심80U소아용주,"50,000",서울 강북구
1794,햇빛병원,A형간염,하브릭스주 1ml,"80,000",서울 강북구
1795,햇빛병원,A형간염,박타프리필드 시린지 1ml,"80,000",서울 강북구
1796,햇빛병원,A형간염,하브릭스주 0.5ml,"50,000",서울 강북구
1797,햇빛병원,수두,수두박스주,"35,000",서울 강북구
1798,햇빛병원,인플루엔자,플루아릭스테트라프리필드시린지,"40,000",서울 강북구
1799,햇빛병원,인플루엔자,지씨플루쿼드리밸런트프리필드시린지주,"40,000",서울 강북구
1800,햇빛병원,폐렴구균,신플로릭스프리필드시린지,"100,000",서울 강북구
1801,햇빛병원,폐렴구균,프리베나13주,"150,000",서울 강북구
1802,허리나은병원,대상포진,조스타박스주,"190,000",서울 강동구
1803,허리나은병원,A형간염,아박심160U성인용주,"80,000",서울 강동구
1804,허리나은병원,사람유두종바이러스,가다실9프리필드시린지,"220,000",서울 강동구
1805,허리나은병원,인플루엔자,지씨플루쿼드리밸런트프리필드시린지주,"35,000",서울 강동구
1806,허리나은병원,"Td(파상풍, 디프테리아)",녹십자티디백신프리필드시린지주,"30,000",서울 강동구
1807,허리나은병원,"Td(파상풍, 디프테리아)",티디퓨어주,"30,000",서울 강동구
1808,허리나은병원,폐렴구균,프리베나13주,"150,000",서울 강동구
1809,호산여성병원,대상포진,조스타박스주,"190,000",서울 강남구
1810,호산여성병원,A형간염,아박심160U성인용주,"80,000",서울 강남구
1811,호산여성병원,A형간염,박타프리필드 시린지 1ml,"80,000",서울 강남구
1812,호산여성병원,A형간염,하브릭스주 1ml,"80,000",서울 강남구
1813,호산여성병원,사람유두종바이러스,가다실프리필드시린지,"160,000",서울 강남구
1814,호산여성병원,사람유두종바이러스,가다실9프리필드시린지,"210,000",서울 강남구
1815,호산여성병원,사람유두종바이러스,서바릭스프리필드시린지,"140,000",서울 강남구
1816,호산여성병원,인플루엔자,스카이셀플루4가프리필드시린지,"40,000",서울 강남구
1817,호산여성병원,"Tdap(파상풍, 디프테리아, 백일해)",부스트릭스프리필드시린지,"50,000",서울 강남구
1818,강남센트럴요양병원,대상포진,조스타박스주,"170,000",서울 송파구
1819,강동성모요양병원,대상포진,조스타박스주,"190,000",서울 강동구
1820,강동성모요양병원,인플루엔자,지씨플루쿼드리밸런트프리필드시린지주,"35,000",서울 강동구
1821,강동성모요양병원,인플루엔자,플루아릭스테트라프리필드시린지,"35,000",서울 강동구
1822,강북연세요양병원,인플루엔자,지씨플루쿼드리밸런트프리필드시린지주,"25,000",서울 서대문구
1823,금천수요양병원,대상포진,조스타박스주,"170,000",서울 금천구
1824,금천수요양병원,폐렴구균,프리베나13주,"120,000",서울 금천구
1825,꿈의숲요양병원,대상포진,조스타박스주,"150,000",서울 강북구
1826,꿈의숲요양병원,폐렴구균,프리베나13주,"120,000",서울 강북구
1827,노블케어요양병원,대상포진,조스타박스주,"190,000",서울 강남구
1828,노블케어요양병원,폐렴구균,프리베나13주,"130,000",서울 강남구
1829,노원솔요양병원,대상포진,조스타박스주,"150,000",서울 노원구
1830,노원솔요양병원,인플루엔자,백시플루4가주사액프리필드시린지,"35,000",서울 노원구
1831,노원솔요양병원,폐렴구균,프리베나13주,"120,000",서울 노원구
1832,대림요양병원,인플루엔자,플루아릭스테트라프리필드시린지,"40,000",서울 영등포구
1833,더사랑요양병원,대상포진,조스타박스주,"150,000",서울 송파구
1834,동서요양병원,대상포진,조스타박스주,"170,000",서울 성북구
1835,동서요양병원,A형간염,아박심160U성인용주,"75,000",서울 성북구
1836,동서요양병원,A형간염,하브릭스주 0.5ml,"75,000",서울 성북구
1837,동서요양병원,인플루엔자,백시플루4가주사액프리필드시린지,"35,000",서울 성북구
1838,동서요양병원,폐렴구균,프리베나13주,"120,000",서울 성북구
1839,드림요양병원,대상포진,스카이조스터주,"180,000",서울 송파구
1840,드림요양병원,A형간염,아박심160U성인용주,"80,000",서울 송파구
1841,드림요양병원,A형간염,박타프리필드 시린지 1ml,"80,000",서울 송파구
1842,드림요양병원,사람유두종바이러스,가다실9프리필드시린지,"210,000",서울 송파구
1843,드림요양병원,인플루엔자,코박스인플루4가PF주,"35,000",서울 송파구
1844,드림요양병원,"Td(파상풍, 디프테리아)",에스케이티디백신주,"30,000",서울 송파구
1845,드림요양병원,폐렴구균,프리베나13주,"130,000",서울 송파구
1846,로하스참사랑요양병원,인플루엔자,코박스인플루4가PF주,"35,000",서울 영등포구
1847,브레인요양병원,대상포진,조스타박스주,"170,000",서울 동대문구
1848,브레인요양병원,로타바이러스,로타릭스프리필드,"110,000",서울 동대문구
1849,브레인요양병원,로타바이러스,로타텍액,"80,000",서울 동대문구
1850,브레인요양병원,A형간염,박타프리필드 시린지 0.5ml,"40,000",서울 동대문구
1851,브레인요양병원,A형간염,박타프리필드 시린지 1ml,"60,000",서울 동대문구
1852,브레인요양병원,A형간염,하브릭스주 1ml,"60,000",서울 동대문구
1853,브레인요양병원,A형간염,하브릭스주 0.5ml,"40,000",서울 동대문구
1854,브레인요양병원,사람유두종바이러스,가다실프리필드시린지,"180,000",서울 동대문구
1855,브레인요양병원,사람유두종바이러스,가다실9프리필드시린지,"210,000",서울 동대문구
1856,브레인요양병원,인플루엔자,보령플루Ⅷ테트라백신주,"30,000",서울 동대문구
1857,브레인요양병원,"Tdap(파상풍, 디프테리아, 백일해)",아다셀주,"50,000",서울 동대문구
1858,브레인요양병원,폐렴구균,프리베나13주,"120,000",서울 동대문구
1859,서울센트럴요양병원,인플루엔자,박씨그리프테트라주,"30,000",서울 영등포구
1860,서울연세요양병원,폐렴구균,프리베나13주,"130,000",서울 송파구
1861,서울은빛요양병원,인플루엔자,코박스플루4가PF주,"25,000",서울 영등포구
1862,서울현대요양병원,인플루엔자,스카이셀플루4가프리필드시린지,"30,000",서울 강동구
1863,서울힐링요양병원,대상포진,조스타박스주,"190,000",서울 송파구
1864,서울힐링요양병원,인플루엔자,지씨플루쿼드리밸런트프리필드시린지주,"35,000",서울 송파구
1865,성신고려요양병원,대상포진,스카이조스터주,"130,000",서울 금천구
1866,성신고려요양병원,대상포진,조스타박스주,"170,000",서울 금천구
1867,성신고려요양병원,인플루엔자,스카이셀플루4가프리필드시린지,"35,000",서울 금천구
1868,성신고려요양병원,"Td(파상풍, 디프테리아)",녹십자티디백신프리필드시린지주,"30,000",서울 금천구
1869,성신고려요양병원,폐렴구균,프리베나13주,"120,000",서울 금천구
1870,성신고려요양병원,폐렴구균,프로디악스-23프리필드시린지,"50,000",서울 금천구
1871,송파그랜드요양병원,인플루엔자,지씨플루쿼드리밸런트프리필드시린지주,"20,000",서울 송파구
1872,스카이요양병원,대상포진,조스타박스주,"170,000",서울 도봉구
1873,에스엠씨요양병원,대상포진,스카이조스터주,"140,000",서울 마포구
1874,에스엠씨요양병원,A형간염,아박심160U성인용주,"80,000",서울 마포구
1875,에스엠씨요양병원,인플루엔자,스카이셀플루4가프리필드시린지,"35,000",서울 마포구
1876,왕십리휴요양병원,대상포진,스카이조스터주,"150,000",서울 동대문구
1877,왕십리휴요양병원,인플루엔자,지씨플루쿼드리밸런트프리필드시린지주,"30,000",서울 동대문구
1878,왕십리휴요양병원,인플루엔자,비알플루텍I테트라백신주,"30,000",서울 동대문구
1879,왕십리휴요양병원,폐렴구균,프리베나13주,"150,000",서울 동대문구
1880,은천요양병원,대상포진,조스타박스주,"170,000",서울 관악구
1881,은천요양병원,인플루엔자,코박스인플루4가PF주,"35,000",서울 관악구
1882,은천요양병원,폐렴구균,프로디악스-23,"50,000",서울 관악구
1883,은천요양병원,폐렴구균,프리베나13주,"150,000",서울 관악구
1884,의료법인 참예원의료재단 서초참요양병원,대상포진,스카이조스터주,"150,000",서울 서초구
1885,의료법인 참예원의료재단 서초참요양병원,A형간염,박타프리필드 시린지 1ml,"44,000",서울 서초구
1886,의료법인 참예원의료재단 서초참요양병원,인플루엔자,스카이셀플루4가프리필드시린지,"35,000",서울 서초구
1887,의료법인 참예원의료재단 서초참요양병원,폐렴구균,프리베나13주,"120,000",서울 서초구
1888,의료법인에이치엠피의료재단녹십초요양병원,대상포진,조스타박스주,"180,000",서울 동작구
1889,의료법인에이치엠피의료재단녹십초요양병원,인플루엔자,지씨플루쿼드리밸런트프리필드시린지주,"30,000",서울 동작구
1890,의료법인에이치엠피의료재단녹십초요양병원,"Td(파상풍, 디프테리아)",녹십자티디백신프리필드시린지주,"30,000",서울 동작구
1891,의료법인유라의료재단 온누리요양병원,대상포진,조스타박스주,"180,000",서울 성북구
1892,의료법인유라의료재단 온누리요양병원,A형간염,하브릭스주 1ml,"70,000",서울 성북구
1893,의료법인유라의료재단 온누리요양병원,사람유두종바이러스,가다실9프리필드시린지,"180,000",서울 성북구
1894,의료법인유라의료재단 온누리요양병원,인플루엔자,코박스인플루4가PF주,"30,000",서울 성북구
1895,의료법인유라의료재단 온누리요양병원,인플루엔자,플루아릭스테트라프리필드시린지,"30,000",서울 성북구
1896,의료법인유라의료재단 온누리요양병원,폐렴구균,프리베나13주,"120,000",서울 성북구
1897,의료법인참예원의료재단 성북참노인전문병원,A형간염,하브릭스주 1ml,"55,000",서울 성북구
1898,의료법인참예원의료재단 성북참노인전문병원,A형간염,아박심160U성인용주,"55,000",서울 성북구
1899,의료법인참예원의료재단 성북참노인전문병원,인플루엔자,스카이셀플루4가프리필드시린지,"35,000",서울 성북구
1900,의료법인참예원의료재단 성북참노인전문병원,폐렴구균,프리베나13주,"120,000",서울 성북구
1901,의료법인참예원의료재단 송파참노인전문병원,대상포진,스카이조스터주,"130,000",서울 송파구
1902,의료법인참예원의료재단 송파참노인전문병원,인플루엔자,스카이셀플루4가프리필드시린지,"35,000",서울 송파구
1903,의료법인참예원의료재단 송파참노인전문병원,"Td(파상풍, 디프테리아)",녹십자티디백신프리필드시린지주,"25,000",서울 송파구
1904,의료법인참예원의료재단 송파참노인전문병원,폐렴구균,프리베나13주,"120,000",서울 송파구
1905,의료법인참예원의료재단강남구립행복요양병원,대상포진,조스타박스주,"190,000",서울 강남구
1906,의료법인참예원의료재단강남구립행복요양병원,인플루엔자,스카이셀플루4가프리필드시린지,"26,000",서울 강남구
1907,의료법인참예원의료재단강남구립행복요양병원,"Tdap(파상풍, 디프테리아, 백일해)",부스트릭스프리필드시린지,"35,000",서울 강남구
1908,의료법인참예원의료재단강남구립행복요양병원,폐렴구균,프리베나13주,"120,000",서울 강남구
1909,참요양병원,인플루엔자,스카이셀플루4가프리필드시린지,"35,000",서울 강서구
1910,참요양병원,"Tdap(파상풍, 디프테리아, 백일해)",아다셀주,"50,000",서울 강서구
1911,참요양병원,폐렴구균,프로디악스-23,"55,000",서울 강서구
1912,청담힐요양병원,대상포진,스카이조스터주,"190,000",서울 강남구
1913,청담힐요양병원,인플루엔자,보령플루Ⅷ테트라백신주,"40,000",서울 강남구
1914,청담힐요양병원,폐렴구균,프리베나13주,"130,000",서울 강남구
1915,큰사랑요양병원,대상포진,조스타박스주,"150,000",서울 강남구
1916,큰사랑요양병원,인플루엔자,플루아릭스테트라프리필드시린지,"30,000",서울 강남구
1917,큰사랑요양병원,인플루엔자,지씨플루쿼드리밸런트프리필드시린지주,"30,000",서울 강남구
1918,큰사랑요양병원,폐렴구균,프리베나13주,"120,000",서울 강남구
1919,트리니티요양병원,대상포진,조스타박스주,"170,000",서울 강남구
1920,퍼스트요양병원,대상포진,스카이조스터주,"130,000",서울 도봉구
1921,퍼스트요양병원,인플루엔자,스카이셀플루4가프리필드시린지,"35,000",서울 도봉구
1922,퍼스트요양병원,폐렴구균,프리베나13주,"130,000",서울 도봉구
1923,포근한맘요양병원,대상포진,조스타박스주,"180,000",서울 도봉구
1924,포근한맘요양병원,인플루엔자,지씨플루쿼드리밸런트프리필드시린지주,"35,000",서울 도봉구
1925,포근한맘요양병원,폐렴구균,프리베나13주,"130,000",서울 도봉구
1926,포근한요양병원,대상포진,조스타박스주,"200,000",서울 강북구
1927,푸르메재단 넥슨어린이재활병원,로타바이러스,로타텍액,"120,000",서울 마포구
1928,푸르메재단 넥슨어린이재활병원,A형간염,박타프리필드 시린지 1ml,"80,000",서울 마포구
1929,푸르메재단 넥슨어린이재활병원,수두,수두박스주,"36,000",서울 마포구
1930,푸르메재단 넥슨어린이재활병원,인플루엔자,스카이셀플루4가프리필드시린지,"40,000",서울 마포구
1931,푸르메재단 넥슨어린이재활병원,"Tdap(파상풍, 디프테리아, 백일해)",부스트릭스프리필드시린지,"45,000",서울 마포구
1932,푸르메재단 넥슨어린이재활병원,폐렴구균,프리베나13주,"85,000",서울 마포구
1933,하나효요양병원,대상포진,조스타박스주,"190,000",서울 은평구
1934,하나효요양병원,인플루엔자,지씨플루쿼드리밸런트프리필드시린지주,"40,000",서울 은평구
1935,햇살요양병원,대상포진,조스타박스주,"180,000",서울 동대문구
1936,햇살요양병원,인플루엔자,박씨그리프테트라주,"30,000",서울 동대문구
1937,햇살요양병원,폐렴구균,프리베나13주,"120,000",서울 동대문구
1938,행복닥터스요양병원,인플루엔자,스카이셀플루4가프리필드시린지,"33,000",서울 동대문구
1939,효성요양병원,인플루엔자,지씨플루쿼드리밸런트프리필드시린지주,"30,000",서울 강북구
1940,효성요양병원,폐렴구균,프리베나13주,"130,000",서울 강북구
1941,마인드웰병원,인플루엔자,스카이셀플루4가프리필드시린지,"30,000",서울 중랑구
1942,(의)가산의료재단 광동한방병원,대상포진,조스타박스주,"190,000",서울 강남구
1943,(의)가산의료재단 광동한방병원,A형간염,박타프리필드 시린지 1ml,"70,000",서울 강남구
1944,(의)가산의료재단 광동한방병원,사람유두종바이러스,가다실9프리필드시린지,"210,000",서울 강남구
1945,(의)가산의료재단 광동한방병원,인플루엔자,플루아릭스테트라프리필드시린지,"40,000",서울 강남구
1946,(의)가산의료재단 광동한방병원,인플루엔자,테라텍트프리필드시린지주,"40,000",서울 강남구
1947,(의)가산의료재단 광동한방병원,인플루엔자,스카이셀플루4가프리필드시린지,"40,000",서울 강남구
1948,(의)가산의료재단 광동한방병원,폐렴구균,프리베나13주,"130,000",서울 강남구
1949,경희한성한방병원,대상포진,조스타박스주,"190,000",서울 강남구
1950,경희한성한방병원,인플루엔자,지씨플루쿼드리밸런트프리필드시린지주,"35,000",서울 강남구
1951,대윤한방병원,대상포진,조스타박스주,"170,000",서울 영등포구
1952,대윤한방병원,A형간염,하브릭스주 1ml,"65,000",서울 영등포구
1953,더웰샘한방병원,대상포진,조스타박스주,"130,000",서울 관악구
1954,더웰샘한방병원,인플루엔자,지씨플루쿼드리밸런트프리필드시린지주,"15,000",서울 관악구
1955,더웰샘한방병원,폐렴구균,프리베나13주,"110,000",서울 관악구
1956,소람한방병원,대상포진,조스타박스주,"180,000",서울 강남구
1957,소람한방병원,A형간염,박타프리필드 시린지 1ml,"75,000",서울 강남구
1958,소람한방병원,사람유두종바이러스,가다실9프리필드시린지,"190,000",서울 강남구
1959,소람한방병원,폐렴구균,프리베나13주,"130,000",서울 강남구
1960,의료법인해인의료재단 동신한방병원,대상포진,조스타박스주,"190,000",서울 양천구
1961,잠실포레스트한방병원,대상포진,조스타박스주,"190,000",서울 송파구
1962,잠실포레스트한방병원,A형간염,아박심160U성인용주,"70,000",서울 송파구
1963,잠실포레스트한방병원,인플루엔자,플루아릭스테트라프리필드시린지,"30,000",서울 송파구
1964,잠실포레스트한방병원,"Td(파상풍, 디프테리아)",녹십자티디백신프리필드시린지주,"50,000",서울 송파구
1965,잠실포레스트한방병원,폐렴구균,프리베나13주,"150,000",서울 송파구
1966,치유본한방병원,대상포진,조스타박스주,"120,000",서울 강서구
1967,포레스트한방병원,대상포진,조스타박스주,"190,000",서울 종로구
1968,포레스트한방병원,A형간염,아박심160U성인용주,"70,000",서울 종로구
1969,포레스트한방병원,인플루엔자,플루아릭스테트라프리필드시린지,"30,000",서울 종로구
1970,포레스트한방병원,"Td(파상풍, 디프테리아)",녹십자티디백신프리필드시린지주,"50,000",서울 종로구
1971,포레스트한방병원,폐렴구균,프리베나13주,"150,000",서울 종로구
1972,학교법인혜화학원 대전대학교서울한방병원,대상포진,스카이조스터주,"180,000",서울 송파구
1973,해달한방병원,대상포진,스카이조스터주,"170,000",서울 구로구
1974,해달한방병원,A형간염,하브릭스주 0.5ml,"70,000",서울 구로구
1975,해달한방병원,인플루엔자,지씨플루쿼드리밸런트프리필드시린지주,"40,000",서울 구로구
1976,해달한방병원,폐렴구균,프리베나13주,"140,000",서울 구로구
